STATE,STATENAME,ST_CASE,VE_TOTAL,VE_FORMS,PVH_INVL,PEDS,PERSONS,PERMVIT,PERNOTMVIT,COUNTY,COUNTYNAME,CITY,CITYNAME,DAY,DAYNAME,MONTH,MONTHNAME,YEAR,DAY_WEEK,DAY_WEEKNAME,HOUR,HOURNAME,MINUTE,MINUTENAME,NHS,NHSNAME,ROUTE,ROUTENAME,TWAY_ID,TWAY_ID2,RUR_URB,RUR_URBNAME,FUNC_SYS,FUNC_SYSNAME,RD_OWNER,RD_OWNERNAME,MILEPT,MILEPTNAME,LATITUDE,LATITUDENAME,LONGITUD,LONGITUDNAME,SP_JUR,SP_JURNAME,HARM_EV,HARM_EVNAME,MAN_COLL,MAN_COLLNAME,RELJCT1,RELJCT1NAME,RELJCT2,RELJCT2NAME,TYP_INT,TYP_INTNAME,WRK_ZONE,WRK_ZONENAME,REL_ROAD,REL_ROADNAME,LGT_COND,LGT_CONDNAME,WEATHER1,WEATHER1NAME,WEATHER2,WEATHER2NAME,WEATHER,WEATHERNAME,SCH_BUS,SCH_BUSNAME,RAIL,RAILNAME,NOT_HOUR,NOT_HOURNAME,NOT_MIN,NOT_MINNAME,ARR_HOUR,ARR_HOURNAME,ARR_MIN,ARR_MINNAME,HOSP_HR,HOSP_HRNAME,HOSP_MN,HOSP_MNNAME,CF1,CF1NAME,CF2,CF2NAME,CF3,CF3NAME,FATALS,DRUNK_DR
41,Oregon,410071,2,2,0,0,5,5,0,29,JACKSON (29),0,NOT APPLICABLE,1,1,4,April,2016,6,Friday,22,10:00pm-10:59pm,10,10,1,This section IS ON the NHS,1,Interstate,I-5,,2,Urban,1,Interstate,1,State Highway Agency,380,380,42.41579444,42.41579444,-123.0026111,-123.00261111,0,No Special Jurisdiction,12,Motor Vehicle In-Transport,1,Front-to-Rear,0,No,1,Non-Junction,1,Not an Intersection,0,,1,On Roadway,2,Dark - Not Lighted,1,Clear,0,No Additional Atmospheric Conditions,1,Clear,0,No,0000000,Not Applicable,22,10:00pm-10:59pm,15,15,22,10:00pm-10:59pm,26,26,99,Unknown,99,Unknown EMS Hospital Arrival Time,0,,0,,0,,1,0
41,Oregon,410072,1,1,0,0,1,1,0,53,POLK (53),0,NOT APPLICABLE,1,1,4,April,2016,6,Friday,18,6:00pm-6:59pm,58,58,0,This section IS NOT on the NHS,4,County Road,CR-AIRLIE RD,,1,Rural,6,Minor Collector,2,County Highway Agency,13,13,44.74399167,44.74399167,-123.2583694,-123.25836944,0,No Special Jurisdiction,58,Ground,0,Not a Collision with Motor Vehicle In-Transport,0,No,1,Non-Junction,1,Not an Intersection,0,,4,On Roadside,1,Daylight,1,Clear,0,No Additional Atmospheric Conditions,1,Clear,0,No,0000000,Not Applicable,18,6:00pm-6:59pm,58,58,19,7:00pm-7:59pm,9,9,88,Not Applicable (Not Transported),88,Not Applicable (Not Transported),0,,0,,0,,1,0
41,Oregon,410073,1,1,0,0,1,1,0,35,KLAMATH (35),0,NOT APPLICABLE,3,3,4,April,2016,1,Sunday,2,2:00am-2:59am,28,28,1,This section IS ON the NHS,3,State Highway,SR-39 (ODOT 50),,1,Rural,3,Principal Arterial - Other,1,State Highway Agency,50,50,42.12346944,42.12346944,-121.6984167,-121.69841667,0,No Special Jurisdiction,42,Tree (Standing Only),0,Not a Collision with Motor Vehicle In-Transport,0,No,1,Non-Junction,1,Not an Intersection,0,,4,On Roadside,2,Dark - Not Lighted,1,Clear,0,No Additional Atmospheric Conditions,1,Clear,0,No,0000000,Not Applicable,2,2:00am-2:59am,28,28,2,2:00am-2:59am,36,36,88,Not Applicable (Not Transported),88,Not Applicable (Not Transported),0,,0,,0,,1,0
41,Oregon,410074,2,2,0,0,3,3,0,59,UMATILLA (59),0,NOT APPLICABLE,3,3,4,April,2016,1,Sunday,1,1:00am-1:59am,30,30,1,This section IS ON the NHS,1,Interstate,I-84,,1,Rural,1,Interstate,1,State Highway Agency,2138,2138,45.65639722,45.65639722,-118.7171056,-118.71710556,0,No Special Jurisdiction,12,Motor Vehicle In-Transport,2,Front-to-Front,0,No,1,Non-Junction,1,Not an Intersection,0,,1,On Roadway,2,Dark - Not Lighted,1,Clear,0,No Additional Atmospheric Conditions,1,Clear,0,No,0000000,Not Applicable,1,1:00am-1:59am,31,31,1,1:00am-1:59am,45,45,2,2:00am-2:59am,7,7,0,,0,,0,,2,1
41,Oregon,410075,3,3,0,0,5,5,0,51,MULTNOMAH (51),880,GRESHAM,3,3,4,April,2016,1,Sunday,18,6:00pm-6:59pm,45,45,0,This section IS NOT on the NHS,6,Local Street - Municipality,POWELL VALLEY RD,WILLIAMS RD,2,Urban,7,Local,4,City or Municipal Highway Agency,0,,45.4904,45.4904,-122.3870444,-122.38704444,0,No Special Jurisdiction,12,Motor Vehicle In-Transport,7,Sideswipe - Same Direction,0,No,2,Intersection,2,Four-Way Intersection,0,,1,On Roadway,5,Dusk,10,Cloudy,0,No Additional Atmospheric Conditions,10,Cloudy,0,No,0000000,Not Applicable,18,6:00pm-6:59pm,45,45,18,6:00pm-6:59pm,50,50,19,7:00pm-7:59pm,26,26,0,,0,,0,,1,0
41,Oregon,410076,3,3,0,0,4,4,0,67,WASHINGTON (67),2065,TIGARD,4,4,4,April,2016,2,Monday,0,0:00am-0:59am,27,27,1,This section IS ON the NHS,1,Interstate,I-5 RAMP,,2,Urban,1,Interstate,1,State Highway Agency,2921,2921,45.41997222,45.41997222,-122.7435722,-122.74357222,0,No Special Jurisdiction,12,Motor Vehicle In-Transport,2,Front-to-Front,1,Yes,5,Entrance/Exit Ramp Related,1,Not an Intersection,0,,1,On Roadway,2,Dark - Not Lighted,2,Rain,0,No Additional Atmospheric Conditions,2,Rain,0,No,0000000,Not Applicable,0,0:00am-0:59am,27,27,0,0:00am-0:59am,32,32,1,1:00am-1:59am,14,14,0,,0,,0,,1,1
41,Oregon,410077,1,1,0,1,1,1,1,67,WASHINGTON (67),180,BEAVERTON,4,4,1,January,2016,2,Monday,15,3:00pm-3:59pm,14,14,0,This section IS NOT on the NHS,6,Local Street - Municipality,SW TAYLOR ST,SW VALERIA VIEW DR,2,Urban,7,Local,4,City or Municipal Highway Agency,0,,45.51589444,45.51589444,-122.7863667,-122.78636667,0,No Special Jurisdiction,8,Pedestrian,0,Not a Collision with Motor Vehicle In-Transport,0,No,3,Intersection-Related,3,T-Intersection,0,,1,On Roadway,1,Daylight,10,Cloudy,0,No Additional Atmospheric Conditions,10,Cloudy,0,No,0000000,Not Applicable,15,3:00pm-3:59pm,14,14,15,3:00pm-3:59pm,20,20,15,3:00pm-3:59pm,48,48,0,,0,,0,,1,0
41,Oregon,410078,1,1,0,2,2,2,2,33,JOSEPHINE (33),860,GRANTS PASS,8,8,1,January,2016,6,Friday,18,6:00pm-6:59pm,23,23,1,This section IS ON the NHS,2,U.S. Highway,US-199 (ODOT 482),NE AGNESS AVE,2,Urban,3,Principal Arterial - Other,1,State Highway Agency,15,15,42.43646389,42.43646389,-123.2979444,-123.29794444,0,No Special Jurisdiction,8,Pedestrian,0,Not a Collision with Motor Vehicle In-Transport,0,No,3,Intersection-Related,2,Four-Way Intersection,0,,1,On Roadway,3,Dark - Lighted,98,Not Reported,0,No Additional Atmospheric Conditions,98,Not Reported,0,No,0000000,Not Applicable,18,6:00pm-6:59pm,23,23,18,6:00pm-6:59pm,27,27,18,6:00pm-6:59pm,40,40,0,,0,,0,,1,0
41,Oregon,410079,1,1,0,1,2,2,1,5,CLACKAMAS (5),0,NOT APPLICABLE,8,8,2,February,2016,2,Monday,6,6:00am-6:59am,40,40,1,This section IS ON the NHS,3,State Highway,SR-99E (ODOT 81),,2,Urban,3,Principal Arterial - Other,1,State Highway Agency,69,69,45.42985278,45.42985278,-122.6346,-122.6346,0,No Special Jurisdiction,8,Pedestrian,0,Not a Collision with Motor Vehicle In-Transport,0,No,1,Non-Junction,1,Not an Intersection,0,,1,On Roadway,2,Dark - Not Lighted,1,Clear,0,No Additional Atmospheric Conditions,1,Clear,0,No,0000000,Not Applicable,6,6:00am-6:59am,40,40,6,6:00am-6:59am,50,50,99,Unknown,99,Unknown EMS Hospital Arrival Time,0,,0,,0,,1,0
41,Oregon,410080,3,3,0,0,5,5,0,47,MARION (47),0,NOT APPLICABLE,11,11,3,March,2016,6,Friday,14,2:00pm-2:59pm,42,42,0,This section IS NOT on the NHS,4,County Road,CR-NUSOM RD NE,,1,Rural,6,Minor Collector,2,County Highway Agency,8,8,45.03459167,45.03459167,-122.8555194,-122.85551944,0,No Special Jurisdiction,12,Motor Vehicle In-Transport,2,Front-to-Front,0,No,1,Non-Junction,1,Not an Intersection,0,,1,On Roadway,1,Daylight,10,Cloudy,0,No Additional Atmospheric Conditions,10,Cloudy,0,No,0000000,Not Applicable,14,2:00pm-2:59pm,44,44,15,3:00pm-3:59pm,25,25,15,3:00pm-3:59pm,55,55,0,,0,,0,,1,0
41,Oregon,410081,2,2,0,0,2,2,0,17,DESCHUTES (17),0,NOT APPLICABLE,31,31,3,March,2016,5,Thursday,18,6:00pm-6:59pm,25,25,1,This section IS ON the NHS,3,State Highway,SR-126 (ODOT 15),,1,Rural,3,Principal Arterial - Other,1,State Highway Agency,1079,1079,44.27304167,44.27304167,-121.251925,-121.251925,0,No Special Jurisdiction,12,Motor Vehicle In-Transport,2,Front-to-Front,0,No,1,Non-Junction,1,Not an Intersection,0,,1,On Roadway,1,Daylight,1,Clear,0,No Additional Atmospheric Conditions,1,Clear,0,No,0000000,Not Applicable,18,6:00pm-6:59pm,25,25,18,6:00pm-6:59pm,27,27,18,6:00pm-6:59pm,58,58,0,,0,,0,,1,0
41,Oregon,410082,2,2,0,0,2,2,0,17,DESCHUTES (17),0,NOT APPLICABLE,2,2,4,April,2016,7,Saturday,13,1:00pm-1:59pm,38,38,1,This section IS ON the NHS,2,U.S. Highway,US-97 (ODOT 4),,1,Rural,3,Principal Arterial - Other,1,State Highway Agency,1608,1608,43.75473611,43.75473611,-121.4585722,-121.45857222,0,No Special Jurisdiction,12,Motor Vehicle In-Transport,2,Front-to-Front,0,No,1,Non-Junction,1,Not an Intersection,0,,1,On Roadway,1,Daylight,1,Clear,0,No Additional Atmospheric Conditions,1,Clear,0,No,0000000,Not Applicable,13,1:00pm-1:59pm,39,39,13,1:00pm-1:59pm,49,49,88,Not Applicable (Not Transported),88,Not Applicable (Not Transported),0,,0,,0,,1,0
41,Oregon,410083,2,2,0,0,2,2,0,5,CLACKAMAS (5),1580,OREGON CITY,15,15,2,February,2016,2,Monday,16,4:00pm-4:59pm,14,14,0,This section IS NOT on the NHS,6,Local Street - Municipality,BEAVERCREEK RD,FIR ST,2,Urban,4,Minor Arterial,4,City or Municipal Highway Agency,0,,45.33258889,45.33258889,-122.579075,-122.579075,0,No Special Jurisdiction,12,Motor Vehicle In-Transport,6,Angle,0,No,2,Intersection,3,T-Intersection,0,,1,On Roadway,1,Daylight,1,Clear,0,No Additional Atmospheric Conditions,1,Clear,0,No,0000000,Not Applicable,16,4:00pm-4:59pm,14,14,16,4:00pm-4:59pm,22,22,16,4:00pm-4:59pm,55,55,0,,0,,0,,1,0
41,Oregon,410084,1,1,0,0,1,1,0,43,LINN (43),0,NOT APPLICABLE,8,8,1,January,2016,6,Friday,21,9:00pm-9:59pm,36,36,0,This section IS NOT on the NHS,4,County Road,CR-STAYTON-SCIO RD,,1,Rural,4,Minor Arterial,2,County Highway Agency,0,,44.7517,44.7517,-122.8261417,-122.82614167,0,No Special Jurisdiction,1,Rollover/Overturn,0,Not a Collision with Motor Vehicle In-Transport,0,No,1,Non-Junction,1,Not an Intersection,0,,5,Outside Trafficway,2,Dark - Not Lighted,5,"Fog, Smog, Smoke",0,No Additional Atmospheric Conditions,5,"Fog, Smog, Smoke",0,No,0000000,Not Applicable,21,9:00pm-9:59pm,36,36,21,9:00pm-9:59pm,45,45,88,Not Applicable (Not Transported),88,Not Applicable (Not Transported),0,,0,,0,,1,1
41,Oregon,410085,1,1,0,1,1,1,1,41,LINCOLN (41),1225,LINCOLN CITY,6,6,1,January,2016,4,Wednesday,18,6:00pm-6:59pm,25,25,0,This section IS NOT on the NHS,6,Local Street - Municipality,NW 17TH ST,,2,Urban,7,Local,4,City or Municipal Highway Agency,0,,44.97710833,44.97710833,-124.011975,-124.011975,0,No Special Jurisdiction,8,Pedestrian,0,Not a Collision with Motor Vehicle In-Transport,0,No,1,Non-Junction,1,Not an Intersection,0,,1,On Roadway,3,Dark - Lighted,2,Rain,0,No Additional Atmospheric Conditions,2,Rain,0,No,0000000,Not Applicable,18,6:00pm-6:59pm,27,27,18,6:00pm-6:59pm,38,38,18,6:00pm-6:59pm,50,50,0,,0,,0,,1,0
41,Oregon,410086,1,1,0,0,3,3,0,5,CLACKAMAS (5),0,NOT APPLICABLE,24,24,1,January,2016,1,Sunday,2,2:00am-2:59am,0,0,0,This section IS NOT on the NHS,8,Other,FOREST RD 63,,1,Rural,7,Local,11,"State Park, Forest, or Reservation Agency",0,,44.96586667,44.96586667,-122.0441806,-122.04418056,0,No Special Jurisdiction,3,Immersion or Partial Immersion,0,Not a Collision with Motor Vehicle In-Transport,0,No,1,Non-Junction,1,Not an Intersection,0,,5,Outside Trafficway,2,Dark - Not Lighted,2,Rain,5,"Fog, Smog, Smoke",2,Rain,0,No,0000000,Not Applicable,3,3:00am-3:59am,33,33,4,4:00am-4:59am,31,31,6,6:00am-6:59am,55,55,0,,0,,0,,1,0
41,Oregon,410087,1,1,0,1,1,1,1,51,MULTNOMAH (51),880,GRESHAM,28,28,3,March,2016,2,Monday,16,4:00pm-4:59pm,16,16,0,This section IS NOT on the NHS,6,Local Street - Municipality,E BURNSIDE ST,SE 162ND AVE,2,Urban,5,Major Collector,4,City or Municipal Highway Agency,0,,45.52208056,45.52208056,-122.4964889,-122.49648889,0,No Special Jurisdiction,8,Pedestrian,0,Not a Collision with Motor Vehicle In-Transport,0,No,3,Intersection-Related,2,Four-Way Intersection,0,,1,On Roadway,1,Daylight,10,Cloudy,0,No Additional Atmospheric Conditions,10,Cloudy,0,No,0000000,Not Applicable,16,4:00pm-4:59pm,16,16,16,4:00pm-4:59pm,20,20,88,Not Applicable (Not Transported),88,Not Applicable (Not Transported),0,,0,,0,,1,0
41,Oregon,410088,1,1,0,0,3,3,0,1,BAKER (1),0,NOT APPLICABLE,4,4,4,April,2016,2,Monday,5,5:00am-5:59am,30,30,1,This section IS ON the NHS,1,Interstate,I-84,,1,Rural,1,Interstate,1,State Highway Agency,3067,3067,44.74390556,44.74390556,-117.8007167,-117.80071667,0,No Special Jurisdiction,1,Rollover/Overturn,0,Not a Collision with Motor Vehicle In-Transport,0,No,1,Non-Junction,1,Not an Intersection,0,,1,On Roadway,2,Dark - Not Lighted,10,Cloudy,0,No Additional Atmospheric Conditions,10,Cloudy,0,No,0000000,Not Applicable,5,5:00am-5:59am,30,30,5,5:00am-5:59am,39,39,6,6:00am-6:59am,10,10,0,,0,,0,,2,0
41,Oregon,410089,1,1,0,0,1,1,0,51,MULTNOMAH (51),1650,PORTLAND,5,5,4,April,2016,3,Tuesday,4,4:00am-4:59am,48,48,1,This section IS ON the NHS,1,Interstate,I-5 RAMP,,2,Urban,1,Interstate,1,State Highway Agency,3067,3067,45.51729167,45.51729167,-122.6670861,-122.66708611,0,No Special Jurisdiction,23,Bridge Rail (Includes parapet),0,Not a Collision with Motor Vehicle In-Transport,1,Yes,5,Entrance/Exit Ramp Related,1,Not an Intersection,0,,8,Gore,3,Dark - Lighted,10,Cloudy,0,No Additional Atmospheric Conditions,10,Cloudy,0,No,0000000,Not Applicable,99,Unknown,99,Unknown,99,Unknown EMS Scene Arrival Hour,99,Unknown EMS Scene Arrival Minutes,88,Not Applicable (Not Transported),88,Not Applicable (Not Transported),0,,0,,0,,1,0
41,Oregon,410090,2,2,0,0,2,2,0,39,LANE (39),660,EUGENE,6,6,4,April,2016,4,Wednesday,20,8:00pm-8:59pm,22,22,1,This section IS ON the NHS,6,Local Street - Municipality,COBURG RD,FRONTIER DR,2,Urban,3,Principal Arterial - Other,4,City or Municipal Highway Agency,0,,44.06770556,44.06770556,-123.0717778,-123.07177778,0,No Special Jurisdiction,12,Motor Vehicle In-Transport,6,Angle,0,No,2,Intersection,3,T-Intersection,0,,1,On Roadway,3,Dark - Lighted,1,Clear,0,No Additional Atmospheric Conditions,1,Clear,0,No,0000000,Not Applicable,20,8:00pm-8:59pm,23,23,20,8:00pm-8:59pm,26,26,20,8:00pm-8:59pm,37,37,0,,0,,0,,1,1
41,Oregon,410091,2,2,0,0,3,3,0,71,YAMHILL (71),0,NOT APPLICABLE,6,6,4,April,2016,4,Wednesday,15,3:00pm-3:59pm,58,58,0,This section IS NOT on the NHS,3,State Highway,SR-47 (ODOT 29),,1,Rural,4,Minor Arterial,1,State Highway Agency,292,292,45.39799167,45.39799167,-123.1293139,-123.12931389,0,No Special Jurisdiction,12,Motor Vehicle In-Transport,6,Angle,0,No,1,Non-Junction,1,Not an Intersection,0,,1,On Roadway,1,Daylight,1,Clear,0,No Additional Atmospheric Conditions,1,Clear,0,No,0000000,Not Applicable,3,3:00am-3:59am,58,58,4,4:00am-4:59am,21,21,99,Unknown,99,Unknown EMS Hospital Arrival Time,0,,0,,0,,1,0
41,Oregon,410092,1,1,0,0,1,1,0,5,CLACKAMAS (5),0,NOT APPLICABLE,10,10,4,April,2016,1,Sunday,11,11:00am-11:59am,39,39,0,This section IS NOT on the NHS,4,County Road,CR-S SPRINGWATER RD,,1,Rural,4,Minor Arterial,2,County Highway Agency,10,10,45.37441389,45.37441389,-122.4747556,-122.47475556,0,No Special Jurisdiction,34,Ditch,0,Not a Collision with Motor Vehicle In-Transport,0,No,1,Non-Junction,1,Not an Intersection,0,,4,On Roadside,9,Unknown,1,Clear,0,No Additional Atmospheric Conditions,1,Clear,0,No,0000000,Not Applicable,99,Unknown,99,Unknown,99,Unknown EMS Scene Arrival Hour,99,Unknown EMS Scene Arrival Minutes,88,Not Applicable (Not Transported),88,Not Applicable (Not Transported),0,,0,,0,,1,1
41,Oregon,410093,1,1,0,0,3,3,0,61,UNION (61),0,NOT APPLICABLE,11,11,4,April,2016,2,Monday,17,5:00pm-5:59pm,49,49,1,This section IS ON the NHS,1,Interstate,I-84,,1,Rural,1,Interstate,1,State Highway Agency,2563,2563,45.34627222,45.34627222,-118.1582194,-118.15821944,0,No Special Jurisdiction,1,Rollover/Overturn,0,Not a Collision with Motor Vehicle In-Transport,0,No,1,Non-Junction,1,Not an Intersection,0,,4,On Roadside,1,Daylight,1,Clear,0,No Additional Atmospheric Conditions,1,Clear,0,No,0000000,Not Applicable,17,5:00pm-5:59pm,51,51,18,6:00pm-6:59pm,23,23,18,6:00pm-6:59pm,51,51,0,,0,,0,,1,0
41,Oregon,410094,1,1,0,0,2,2,0,67,WASHINGTON (67),0,NOT APPLICABLE,11,11,4,April,2016,2,Monday,20,8:00pm-8:59pm,46,46,0,This section IS NOT on the NHS,3,State Highway,SR-219 (ODOT 140),,1,Rural,4,Minor Arterial,1,State Highway Agency,96,96,45.40138056,45.40138056,-122.9386944,-122.93869444,0,No Special Jurisdiction,52,Guardrail End,0,Not a Collision with Motor Vehicle In-Transport,0,No,1,Non-Junction,1,Not an Intersection,0,,4,On Roadside,2,Dark - Not Lighted,1,Clear,0,No Additional Atmospheric Conditions,1,Clear,0,No,0000000,Not Applicable,20,8:00pm-8:59pm,46,46,21,9:00pm-9:59pm,15,15,21,9:00pm-9:59pm,33,33,0,,0,,0,,1,0
41,Oregon,410095,1,1,0,0,1,1,0,29,JACKSON (29),0,NOT APPLICABLE,12,12,4,April,2016,3,Tuesday,14,2:00pm-2:59pm,38,38,1,This section IS ON the NHS,1,Interstate,I-5,,2,Urban,1,Interstate,1,State Highway Agency,188,188,42.22638889,42.22638889,-122.7372028,-122.73720278,0,No Special Jurisdiction,24,Guardrail Face,0,Not a Collision with Motor Vehicle In-Transport,0,No,1,Non-Junction,1,Not an Intersection,0,,4,On Roadside,1,Daylight,10,Cloudy,0,No Additional Atmospheric Conditions,10,Cloudy,0,No,0000000,Not Applicable,14,2:00pm-2:59pm,38,38,14,2:00pm-2:59pm,40,40,88,Not Applicable (Not Transported),88,Not Applicable (Not Transported),0,,0,,0,,1,0
41,Oregon,410096,2,2,0,0,2,2,0,33,JOSEPHINE (33),860,GRANTS PASS,13,13,4,April,2016,4,Wednesday,15,3:00pm-3:59pm,53,53,1,This section IS ON the NHS,2,U.S. Highway,US-199 (ODOT 25),,2,Urban,3,Principal Arterial - Other,1,State Highway Agency,14,14,42.42126667,42.42126667,-123.3519167,-123.35191667,0,No Special Jurisdiction,12,Motor Vehicle In-Transport,2,Front-to-Front,0,No,1,Non-Junction,1,Not an Intersection,0,,1,On Roadway,1,Daylight,10,Cloudy,0,No Additional Atmospheric Conditions,10,Cloudy,0,No,0000000,Not Applicable,15,3:00pm-3:59pm,54,54,16,4:00pm-4:59pm,0,0,16,4:00pm-4:59pm,20,20,0,,0,,0,,1,0
41,Oregon,410097,2,2,0,0,3,3,0,39,LANE (39),0,NOT APPLICABLE,14,14,4,April,2016,5,Thursday,16,4:00pm-4:59pm,8,8,1,This section IS ON the NHS,3,State Highway,SR-58 (ODOT 18),,1,Rural,3,Principal Arterial - Other,1,State Highway Agency,156,156,43.90300833,43.90300833,-122.7418944,-122.74189444,0,No Special Jurisdiction,12,Motor Vehicle In-Transport,2,Front-to-Front,0,No,1,Non-Junction,1,Not an Intersection,0,,1,On Roadway,1,Daylight,2,Rain,0,No Additional Atmospheric Conditions,2,Rain,0,No,0000000,Not Applicable,16,4:00pm-4:59pm,8,8,16,4:00pm-4:59pm,15,15,99,Unknown,99,Unknown EMS Hospital Arrival Time,0,,0,,0,,2,0
41,Oregon,410098,1,1,0,0,1,1,0,47,MARION (47),0,NOT APPLICABLE,16,16,4,April,2016,7,Saturday,4,4:00am-4:59am,10,10,1,This section IS ON the NHS,4,County Road,CR-SILVERTON RD NE,,1,Rural,3,Principal Arterial - Other,2,County Highway Agency,31,31,44.99155,44.99155,-122.9084861,-122.90848611,0,No Special Jurisdiction,1,Rollover/Overturn,0,Not a Collision with Motor Vehicle In-Transport,0,No,1,Non-Junction,1,Not an Intersection,0,,5,Outside Trafficway,2,Dark - Not Lighted,1,Clear,0,No Additional Atmospheric Conditions,1,Clear,0,No,0000000,Not Applicable,4,4:00am-4:59am,13,13,4,4:00am-4:59am,21,21,88,Not Applicable (Not Transported),88,Not Applicable (Not Transported),0,,0,,0,,1,1
41,Oregon,410099,2,2,0,0,2,2,0,51,MULTNOMAH (51),1650,PORTLAND,16,16,4,April,2016,7,Saturday,21,9:00pm-9:59pm,3,3,0,This section IS NOT on the NHS,6,Local Street - Municipality,SE 92ND AVE,,2,Urban,5,Major Collector,4,City or Municipal Highway Agency,0,,45.46096667,45.46096667,-122.5686444,-122.56864444,0,No Special Jurisdiction,12,Motor Vehicle In-Transport,8,Sideswipe - Opposite Direction,0,No,1,Non-Junction,1,Not an Intersection,0,,1,On Roadway,3,Dark - Lighted,1,Clear,0,No Additional Atmospheric Conditions,1,Clear,0,No,0000000,Not Applicable,21,9:00pm-9:59pm,3,3,21,9:00pm-9:59pm,13,13,21,9:00pm-9:59pm,42,42,0,,0,,0,,1,0
41,Oregon,410100,1,1,0,1,1,1,1,51,MULTNOMAH (51),1650,PORTLAND,18,18,4,April,2016,2,Monday,22,10:00pm-10:59pm,39,39,1,This section IS ON the NHS,3,State Highway,SR-213 (ODOT 68),NE DAVIS ST,2,Urban,3,Principal Arterial - Other,1,State Highway Agency,29,29,45.52458889,45.52458889,-122.5790528,-122.57905278,0,No Special Jurisdiction,8,Pedestrian,0,Not a Collision with Motor Vehicle In-Transport,0,No,3,Intersection-Related,3,T-Intersection,0,,1,On Roadway,3,Dark - Lighted,1,Clear,0,No Additional Atmospheric Conditions,1,Clear,0,No,0000000,Not Applicable,22,10:00pm-10:59pm,40,40,22,10:00pm-10:59pm,44,44,23,11:00pm-11:59pm,16,16,0,,0,,0,,1,0
41,Oregon,410101,2,2,0,0,2,2,0,47,MARION (47),1810,SALEM,19,19,4,April,2016,3,Tuesday,8,8:00am-8:59am,38,38,0,This section IS NOT on the NHS,6,Local Street - Municipality,SUNNYSIDE RD SE,,2,Urban,4,Minor Arterial,4,City or Municipal Highway Agency,0,,44.86334444,44.86334444,-123.0333972,-123.03339722,0,No Special Jurisdiction,12,Motor Vehicle In-Transport,2,Front-to-Front,0,No,1,Non-Junction,1,Not an Intersection,0,,1,On Roadway,1,Daylight,1,Clear,0,No Additional Atmospheric Conditions,1,Clear,0,No,0000000,Not Applicable,8,8:00am-8:59am,38,38,8,8:00am-8:59am,44,44,9,9:00am-9:59am,54,54,0,,0,,0,,1,0
41,Oregon,410102,1,1,0,0,1,1,0,59,UMATILLA (59),0,NOT APPLICABLE,19,19,4,April,2016,3,Tuesday,15,3:00pm-3:59pm,30,30,1,This section IS ON the NHS,1,Interstate,I-84,,1,Rural,1,Interstate,1,State Highway Agency,2192,2192,45.5767,45.5767,-118.6299833,-118.62998333,0,No Special Jurisdiction,24,Guardrail Face,0,Not a Collision with Motor Vehicle In-Transport,0,No,1,Non-Junction,1,Not an Intersection,0,,4,On Roadside,1,Daylight,1,Clear,0,No Additional Atmospheric Conditions,1,Clear,0,No,0000000,Not Applicable,15,3:00pm-3:59pm,44,44,16,4:00pm-4:59pm,10,10,16,4:00pm-4:59pm,46,46,0,,0,,0,,1,0
41,Oregon,410103,3,3,0,0,3,3,0,71,YAMHILL (71),0,NOT APPLICABLE,22,22,4,April,2016,6,Friday,4,4:00am-4:59am,35,35,1,This section IS ON the NHS,3,State Highway,SR-18 (ODOT 39),,2,Urban,3,Principal Arterial - Other,1,State Highway Agency,491,491,45.20521944,45.20521944,-123.1204833,-123.12048333,0,No Special Jurisdiction,12,Motor Vehicle In-Transport,2,Front-to-Front,0,No,1,Non-Junction,1,Not an Intersection,0,,1,On Roadway,2,Dark - Not Lighted,10,Cloudy,0,No Additional Atmospheric Conditions,10,Cloudy,0,No,0000000,Not Applicable,4,4:00am-4:59am,37,37,4,4:00am-4:59am,46,46,5,5:00am-5:59am,17,17,0,,0,,0,,1,0
41,Oregon,410104,1,1,0,0,1,1,0,37,LAKE (37),0,NOT APPLICABLE,22,22,4,April,2016,6,Friday,0,0:00am-0:59am,0,0,0,This section IS NOT on the NHS,4,County Road,CR-CHRISTMAS VALLEY H,,1,Rural,5,Major Collector,2,County Highway Agency,0,,43.23733611,43.23733611,-120.5217861,-120.52178611,0,No Special Jurisdiction,1,Rollover/Overturn,0,Not a Collision with Motor Vehicle In-Transport,0,No,1,Non-Junction,1,Not an Intersection,0,,4,On Roadside,2,Dark - Not Lighted,1,Clear,0,No Additional Atmospheric Conditions,1,Clear,0,No,0000000,Not Applicable,8,8:00am-8:59am,24,24,9,9:00am-9:59am,3,3,88,Not Applicable (Not Transported),88,Not Applicable (Not Transported),0,,0,,0,,1,1
41,Oregon,410105,1,1,0,1,1,1,1,67,WASHINGTON (67),2065,TIGARD,8,8,2,February,2016,2,Monday,5,5:00am-5:59am,32,32,1,This section IS ON the NHS,3,State Highway,SR-217 (ODOT 144),KRUSE WAY,2,Urban,2,Principal Arterial - Other Freeways and Expressways,1,State Highway Agency,72,72,45.42133333,45.42133333,-122.7450667,-122.74506667,0,No Special Jurisdiction,8,Pedestrian,0,Not a Collision with Motor Vehicle In-Transport,1,Yes,3,Intersection-Related,2,Four-Way Intersection,0,,1,On Roadway,2,Dark - Not Lighted,98,Not Reported,0,No Additional Atmospheric Conditions,98,Not Reported,0,No,0000000,Not Applicable,99,Unknown,99,Unknown,99,Unknown EMS Scene Arrival Hour,99,Unknown EMS Scene Arrival Minutes,88,Not Applicable (Not Transported),88,Not Applicable (Not Transported),0,,0,,0,,1,0
41,Oregon,410106,1,1,0,1,1,1,1,39,LANE (39),1960,SPRINGFIELD,14,14,2,February,2016,1,Sunday,6,6:00am-6:59am,48,48,1,This section IS ON the NHS,2,U.S. Highway,US-126 (ODOT 227),,2,Urban,2,Principal Arterial - Other Freeways and Expressways,1,State Highway Agency,52,52,44.04617222,44.04617222,-123.0164639,-123.01646389,0,No Special Jurisdiction,8,Pedestrian,0,Not a Collision with Motor Vehicle In-Transport,0,No,1,Non-Junction,1,Not an Intersection,0,,1,On Roadway,2,Dark - Not Lighted,2,Rain,0,No Additional Atmospheric Conditions,2,Rain,0,No,0000000,Not Applicable,6,6:00am-6:59am,49,49,6,6:00am-6:59am,57,57,88,Not Applicable (Not Transported),88,Not Applicable (Not Transported),0,,0,,0,,1,0