STATE,STATENAME,ST_CASE,VE_TOTAL,VE_FORMS,PVH_INVL,PEDS,PERSONS,PERMVIT,PERNOTMVIT,COUNTY,COUNTYNAME,CITY,CITYNAME,DAY,DAYNAME,MONTH,MONTHNAME,YEAR,DAY_WEEK,DAY_WEEKNAME,HOUR,HOURNAME,MINUTE,MINUTENAME,NHS,NHSNAME,ROUTE,ROUTENAME,TWAY_ID,TWAY_ID2,RUR_URB,RUR_URBNAME,FUNC_SYS,FUNC_SYSNAME,RD_OWNER,RD_OWNERNAME,MILEPT,MILEPTNAME,LATITUDE,LATITUDENAME,LONGITUD,LONGITUDNAME,SP_JUR,SP_JURNAME,HARM_EV,HARM_EVNAME,MAN_COLL,MAN_COLLNAME,RELJCT1,RELJCT1NAME,RELJCT2,RELJCT2NAME,TYP_INT,TYP_INTNAME,WRK_ZONE,WRK_ZONENAME,REL_ROAD,REL_ROADNAME,LGT_COND,LGT_CONDNAME,WEATHER1,WEATHER1NAME,WEATHER2,WEATHER2NAME,WEATHER,WEATHERNAME,SCH_BUS,SCH_BUSNAME,RAIL,RAILNAME,NOT_HOUR,NOT_HOURNAME,NOT_MIN,NOT_MINNAME,ARR_HOUR,ARR_HOURNAME,ARR_MIN,ARR_MINNAME,HOSP_HR,HOSP_HRNAME,HOSP_MN,HOSP_MNNAME,CF1,CF1NAME,CF2,CF2NAME,CF3,CF3NAME,FATALS,DRUNK_DR
41,Oregon,410178,2,2,0,0,2,2,0,49,MORROW (49),0,NOT APPLICABLE,8,8,4,April,2016,6,Friday,9,9:00am-9:59am,39,39,0,This section IS NOT on the NHS,4,County Road,CR-TOWER RD,,1,Rural,5,Major Collector,2,County Highway Agency,3,3,45.82635833,45.82635833,-119.8003444,-119.80034444,0,No Special Jurisdiction,12,Motor Vehicle In-Transport,6,Angle,0,No,1,Non-Junction,1,Not an Intersection,0,,1,On Roadway,1,Daylight,1,Clear,0,No Additional Atmospheric Conditions,1,Clear,0,No,0000000,Not Applicable,9,9:00am-9:59am,41,41,9,9:00am-9:59am,44,44,99,Unknown,99,Unknown EMS Hospital Arrival Time,0,,0,,0,,1,0
41,Oregon,410179,1,1,0,0,2,2,0,53,POLK (53),0,NOT APPLICABLE,10,10,2,February,2016,4,Wednesday,13,1:00pm-1:59pm,57,57,0,This section IS NOT on the NHS,3,State Highway,SR-221 (ODOT 150),,1,Rural,4,Minor Arterial,1,State Highway Agency,140,140,44.96065,44.96065,-123.0547,-123.0547,0,No Special Jurisdiction,1,Rollover/Overturn,0,Not a Collision with Motor Vehicle In-Transport,0,No,1,Non-Junction,1,Not an Intersection,0,,4,On Roadside,1,Daylight,98,Not Reported,0,No Additional Atmospheric Conditions,98,Not Reported,0,No,0000000,Not Applicable,99,Unknown,99,Unknown,99,Unknown EMS Scene Arrival Hour,99,Unknown EMS Scene Arrival Minutes,99,Unknown,99,Unknown EMS Hospital Arrival Time,0,,0,,0,,1,0
41,Oregon,410180,2,2,0,0,5,5,0,29,JACKSON (29),0,NOT APPLICABLE,15,15,4,April,2016,6,Friday,17,5:00pm-5:59pm,30,30,1,This section IS ON the NHS,3,State Highway,SR-99 (ODOT 63),,2,Urban,3,Principal Arterial - Other,1,State Highway Agency,1,1,42.41926944,42.41926944,-122.9539639,-122.95396389,0,No Special Jurisdiction,12,Motor Vehicle In-Transport,6,Angle,0,No,1,Non-Junction,1,Not an Intersection,0,,1,On Roadway,1,Daylight,1,Clear,0,No Additional Atmospheric Conditions,1,Clear,0,No,0000000,Not Applicable,17,5:00pm-5:59pm,31,31,17,5:00pm-5:59pm,37,37,99,Unknown,99,Unknown EMS Hospital Arrival Time,0,,0,,0,,1,1
41,Oregon,410181,1,1,0,0,1,1,0,35,KLAMATH (35),0,NOT APPLICABLE,19,19,6,June,2016,1,Sunday,6,6:00am-6:59am,11,11,1,This section IS ON the NHS,3,State Highway,SR-140 (ODOT 20),,1,Rural,3,Principal Arterial - Other,1,State Highway Agency,130,130,42.20440278,42.20440278,-121.602525,-121.602525,0,No Special Jurisdiction,1,Rollover/Overturn,0,Not a Collision with Motor Vehicle In-Transport,0,No,1,Non-Junction,1,Not an Intersection,0,,4,On Roadside,1,Daylight,1,Clear,0,No Additional Atmospheric Conditions,1,Clear,0,No,0000000,Not Applicable,6,6:00am-6:59am,11,11,6,6:00am-6:59am,15,15,99,Unknown,99,Unknown EMS Hospital Arrival Time,0,,0,,0,,1,1
41,Oregon,410182,2,2,0,0,5,5,0,5,CLACKAMAS (5),0,NOT APPLICABLE,25,25,6,June,2016,7,Saturday,2,2:00am-2:59am,38,38,0,This section IS NOT on the NHS,4,County Road,CR-S REDLAND RD,,2,Urban,4,Minor Arterial,2,County Highway Agency,29,29,45.34876667,45.34876667,-122.5192417,-122.51924167,0,No Special Jurisdiction,12,Motor Vehicle In-Transport,2,Front-to-Front,0,No,1,Non-Junction,1,Not an Intersection,1,Construction,1,On Roadway,2,Dark - Not Lighted,1,Clear,0,No Additional Atmospheric Conditions,1,Clear,0,No,0000000,Not Applicable,2,2:00am-2:59am,40,40,2,2:00am-2:59am,48,48,99,Unknown,99,Unknown EMS Hospital Arrival Time,0,,0,,0,,3,2
41,Oregon,410183,2,2,0,0,2,2,0,43,LINN (43),1342,MILLERSBURG,26,26,6,June,2016,1,Sunday,6,6:00am-6:59am,16,16,1,This section IS ON the NHS,1,Interstate,I-5 RAMP,,2,Urban,1,Interstate,1,State Highway Agency,2352,2352,44.66656389,44.66656389,-123.0575194,-123.05751944,0,No Special Jurisdiction,12,Motor Vehicle In-Transport,6,Angle,0,No,5,Entrance/Exit Ramp Related,1,Not an Intersection,0,,1,On Roadway,1,Daylight,1,Clear,0,No Additional Atmospheric Conditions,1,Clear,0,No,0000000,Not Applicable,6,6:00am-6:59am,15,15,6,6:00am-6:59am,33,33,88,Not Applicable (Not Transported),88,Not Applicable (Not Transported),0,,0,,0,,1,0
41,Oregon,410184,1,1,0,1,1,1,1,47,MARION (47),1810,SALEM,29,29,6,June,2016,4,Wednesday,3,3:00am-3:59am,15,15,1,This section IS ON the NHS,6,Local Street - Municipality,LIBERTY ST SE,,2,Urban,3,Principal Arterial - Other,4,City or Municipal Highway Agency,0,,44.92629722,44.92629722,-123.0427611,-123.04276111,0,No Special Jurisdiction,8,Pedestrian,0,Not a Collision with Motor Vehicle In-Transport,0,No,1,Non-Junction,1,Not an Intersection,0,,1,On Roadway,3,Dark - Lighted,1,Clear,0,No Additional Atmospheric Conditions,1,Clear,0,No,0000000,Not Applicable,3,3:00am-3:59am,15,15,3,3:00am-3:59am,19,19,88,Not Applicable (Not Transported),88,Not Applicable (Not Transported),0,,0,,0,,1,0
41,Oregon,410185,2,2,0,0,5,5,0,47,MARION (47),0,NOT APPLICABLE,30,30,6,June,2016,5,Thursday,9,9:00am-9:59am,5,5,0,This section IS NOT on the NHS,4,County Road,CR-LIBERTY RD S,,2,Urban,5,Major Collector,2,County Highway Agency,3,3,44.86145278,44.86145278,-123.0628056,-123.06280556,0,No Special Jurisdiction,12,Motor Vehicle In-Transport,1,Front-to-Rear,0,No,8,Driveway Access Related,1,Not an Intersection,0,,1,On Roadway,1,Daylight,1,Clear,0,No Additional Atmospheric Conditions,1,Clear,0,No,0000000,Not Applicable,9,9:00am-9:59am,5,5,9,9:00am-9:59am,12,12,99,Unknown,99,Unknown EMS Hospital Arrival Time,0,,0,,0,,2,0
41,Oregon,410186,2,2,0,0,2,2,0,51,MULTNOMAH (51),0,NOT APPLICABLE,30,30,6,June,2016,5,Thursday,16,4:00pm-4:59pm,45,45,0,This section IS NOT on the NHS,3,State Highway,SR-100 (ODOT 100),CR-NIELSON RD,2,Urban,5,Major Collector,1,State Highway Agency,32,32,45.518475,45.518475,-122.3495083,-122.34950833,0,No Special Jurisdiction,12,Motor Vehicle In-Transport,2,Front-to-Front,0,No,2,Intersection,3,T-Intersection,0,,1,On Roadway,1,Daylight,1,Clear,0,No Additional Atmospheric Conditions,1,Clear,0,No,0000000,Not Applicable,16,4:00pm-4:59pm,46,46,16,4:00pm-4:59pm,54,54,88,Not Applicable (Not Transported),88,Not Applicable (Not Transported),0,,0,,0,,1,0
41,Oregon,410187,2,2,0,0,2,2,0,39,LANE (39),0,NOT APPLICABLE,30,30,6,June,2016,5,Thursday,15,3:00pm-3:59pm,25,25,0,This section IS NOT on the NHS,3,State Highway,SR-36 (ODOT 229),,1,Rural,5,Major Collector,1,State Highway Agency,120,120,44.08706111,44.08706111,-123.77125,-123.77125,0,No Special Jurisdiction,12,Motor Vehicle In-Transport,6,Angle,0,No,1,Non-Junction,1,Not an Intersection,0,,1,On Roadway,1,Daylight,1,Clear,0,No Additional Atmospheric Conditions,1,Clear,0,No,0000000,Not Applicable,99,Unknown,99,Unknown,99,Unknown EMS Scene Arrival Hour,99,Unknown EMS Scene Arrival Minutes,88,Not Applicable (Not Transported),88,Not Applicable (Not Transported),0,,0,,0,,1,1
41,Oregon,410188,1,1,0,1,1,1,1,47,MARION (47),1168,KEIZER,1,1,7,July,2016,6,Friday,2,2:00am-2:59am,41,41,0,This section IS NOT on the NHS,6,Local Street - Municipality,RIVER RD N,CHEMAWA RD N,2,Urban,4,Minor Arterial,4,City or Municipal Highway Agency,0,,44.99689722,44.99689722,-123.0266472,-123.02664722,0,No Special Jurisdiction,8,Pedestrian,0,Not a Collision with Motor Vehicle In-Transport,0,No,3,Intersection-Related,2,Four-Way Intersection,0,,1,On Roadway,3,Dark - Lighted,1,Clear,0,No Additional Atmospheric Conditions,1,Clear,0,No,0000000,Not Applicable,2,2:00am-2:59am,41,41,2,2:00am-2:59am,44,44,3,3:00am-3:59am,4,4,0,,0,,0,,1,0
41,Oregon,410189,1,1,0,0,1,1,0,29,JACKSON (29),0,NOT APPLICABLE,1,1,7,July,2016,6,Friday,18,6:00pm-6:59pm,31,31,0,This section IS NOT on the NHS,4,County Road,CR-MILL CREEK RD,,1,Rural,7,Local,2,County Highway Agency,18,18,42.71601944,42.71601944,-122.5667944,-122.56679444,0,No Special Jurisdiction,34,Ditch,0,Not a Collision with Motor Vehicle In-Transport,0,No,1,Non-Junction,1,Not an Intersection,0,,4,On Roadside,1,Daylight,1,Clear,0,No Additional Atmospheric Conditions,1,Clear,0,No,0000000,Not Applicable,18,6:00pm-6:59pm,34,34,18,6:00pm-6:59pm,58,58,88,Not Applicable (Not Transported),88,Not Applicable (Not Transported),0,,0,,0,,1,1
41,Oregon,410190,1,1,0,0,1,1,0,5,CLACKAMAS (5),1580,OREGON CITY,1,1,7,July,2016,6,Friday,11,11:00am-11:59am,7,7,1,This section IS ON the NHS,1,Interstate,I-205,,2,Urban,1,Interstate,1,State Highway Agency,100,100,45.37256944,45.37256944,-122.5905167,-122.59051667,0,No Special Jurisdiction,30,Utility Pole/Light Support,0,Not a Collision with Motor Vehicle In-Transport,0,No,1,Non-Junction,1,Not an Intersection,0,,8,Gore,1,Daylight,1,Clear,0,No Additional Atmospheric Conditions,1,Clear,0,No,0000000,Not Applicable,11,11:00am-11:59am,13,13,11,11:00am-11:59am,28,28,11,11:00am-11:59am,40,40,0,,0,,0,,1,0
41,Oregon,410191,2,2,0,0,3,3,0,39,LANE (39),0,NOT APPLICABLE,2,2,7,July,2016,7,Saturday,16,4:00pm-4:59pm,0,0,0,This section IS NOT on the NHS,4,County Road,CR-LONDON RD,,1,Rural,5,Major Collector,2,County Highway Agency,36,36,43.71870556,43.71870556,-123.0568667,-123.05686667,0,No Special Jurisdiction,12,Motor Vehicle In-Transport,6,Angle,0,No,8,Driveway Access Related,1,Not an Intersection,0,,1,On Roadway,1,Daylight,1,Clear,0,No Additional Atmospheric Conditions,1,Clear,0,No,0000000,Not Applicable,99,Unknown,99,Unknown,99,Unknown EMS Scene Arrival Hour,99,Unknown EMS Scene Arrival Minutes,88,Not Applicable (Not Transported),88,Not Applicable (Not Transported),0,,0,,0,,1,1
41,Oregon,410192,1,1,0,0,1,1,0,39,LANE (39),0,NOT APPLICABLE,2,2,7,July,2016,7,Saturday,19,7:00pm-7:59pm,7,7,0,This section IS NOT on the NHS,4,County Road,CR-HORTON RD,,1,Rural,5,Major Collector,2,County Highway Agency,12,12,44.21069167,44.21069167,-123.4937306,-123.49373056,0,No Special Jurisdiction,1,Rollover/Overturn,0,Not a Collision with Motor Vehicle In-Transport,0,No,1,Non-Junction,1,Not an Intersection,0,,1,On Roadway,1,Daylight,1,Clear,0,No Additional Atmospheric Conditions,1,Clear,0,No,0000000,Not Applicable,19,7:00pm-7:59pm,16,16,19,7:00pm-7:59pm,22,22,88,Not Applicable (Not Transported),88,Not Applicable (Not Transported),0,,0,,0,,1,1
41,Oregon,410193,2,2,0,0,2,2,0,51,MULTNOMAH (51),1650,PORTLAND,2,2,7,July,2016,7,Saturday,23,11:00pm-11:59pm,31,31,1,This section IS ON the NHS,3,State Highway,SR-213 (ODOT 68),,2,Urban,3,Principal Arterial - Other,1,State Highway Agency,54,54,45.48428611,45.48428611,-122.5789278,-122.57892778,0,No Special Jurisdiction,12,Motor Vehicle In-Transport,6,Angle,0,No,8,Driveway Access Related,1,Not an Intersection,0,,1,On Roadway,3,Dark - Lighted,1,Clear,0,No Additional Atmospheric Conditions,1,Clear,0,No,0000000,Not Applicable,99,Unknown,99,Unknown,99,Unknown EMS Scene Arrival Hour,99,Unknown EMS Scene Arrival Minutes,88,Not Applicable (Not Transported),88,Not Applicable (Not Transported),0,,0,,0,,1,1
41,Oregon,410194,1,1,0,0,1,1,0,47,MARION (47),0,NOT APPLICABLE,2,2,7,July,2016,7,Saturday,23,11:00pm-11:59pm,25,25,0,This section IS NOT on the NHS,4,County Road,CR-TALBOT RD SE,,1,Rural,5,Major Collector,2,County Highway Agency,42,42,44.73246111,44.73246111,-123.0215,-123.0215,0,No Special Jurisdiction,42,Tree (Standing Only),0,Not a Collision with Motor Vehicle In-Transport,0,No,1,Non-Junction,1,Not an Intersection,0,,5,Outside Trafficway,2,Dark - Not Lighted,1,Clear,0,No Additional Atmospheric Conditions,1,Clear,0,No,0000000,Not Applicable,23,11:00pm-11:59pm,25,25,23,11:00pm-11:59pm,30,30,88,Not Applicable (Not Transported),88,Not Applicable (Not Transported),0,,0,,0,,1,1
41,Oregon,410195,1,1,0,0,2,2,0,3,BENTON (3),0,NOT APPLICABLE,2,2,7,July,2016,7,Saturday,20,8:00pm-8:59pm,50,50,0,This section IS NOT on the NHS,3,State Highway,SR-99 (ODOT 91),,1,Rural,4,Minor Arterial,1,State Highway Agency,910,910,44.45111667,44.45111667,-123.275775,-123.275775,0,No Special Jurisdiction,34,Ditch,0,Not a Collision with Motor Vehicle In-Transport,0,No,1,Non-Junction,1,Not an Intersection,0,,4,On Roadside,2,Dark - Not Lighted,1,Clear,0,No Additional Atmospheric Conditions,1,Clear,0,No,0000000,Not Applicable,21,9:00pm-9:59pm,5,5,21,9:00pm-9:59pm,14,14,88,Not Applicable (Not Transported),88,Not Applicable (Not Transported),0,,0,,0,,2,1
41,Oregon,410196,1,1,0,0,1,1,0,41,LINCOLN (41),0,NOT APPLICABLE,4,4,7,July,2016,2,Monday,13,1:00pm-1:59pm,27,27,0,This section IS NOT on the NHS,4,County Road,CR-WADE RD,,1,Rural,7,Local,2,County Highway Agency,3,3,44.73348889,44.73348889,-123.9229083,-123.92290833,0,No Special Jurisdiction,1,Rollover/Overturn,0,Not a Collision with Motor Vehicle In-Transport,0,No,1,Non-Junction,1,Not an Intersection,0,,4,On Roadside,1,Daylight,1,Clear,0,No Additional Atmospheric Conditions,1,Clear,0,No,0000000,Not Applicable,13,1:00pm-1:59pm,27,27,99,Unknown EMS Scene Arrival Hour,99,Unknown EMS Scene Arrival Minutes,88,Not Applicable (Not Transported),88,Not Applicable (Not Transported),0,,0,,0,,1,0
41,Oregon,410197,1,1,0,0,2,2,0,67,WASHINGTON (67),0,NOT APPLICABLE,5,5,7,July,2016,3,Tuesday,20,8:00pm-8:59pm,14,14,0,This section IS NOT on the NHS,4,County Road,CR-SW ROY ROGERS RD,CR-SW SCHOLLS FERRY RD,2,Urban,4,Minor Arterial,2,County Highway Agency,0,,45.42636944,45.42636944,-122.8535056,-122.85350556,0,No Special Jurisdiction,34,Ditch,0,Not a Collision with Motor Vehicle In-Transport,0,No,3,Intersection-Related,3,T-Intersection,0,,4,On Roadside,1,Daylight,1,Clear,0,No Additional Atmospheric Conditions,1,Clear,0,No,0000000,Not Applicable,20,8:00pm-8:59pm,16,16,20,8:00pm-8:59pm,22,22,21,9:00pm-9:59pm,1,1,0,,0,,0,,1,1
41,Oregon,410198,2,2,0,0,2,2,0,65,WASCO (65),0,NOT APPLICABLE,7,7,7,July,2016,5,Thursday,18,6:00pm-6:59pm,52,52,1,This section IS ON the NHS,2,U.S. Highway,US-26 (ODOT 53),,1,Rural,3,Principal Arterial - Other,1,State Highway Agency,702,702,45.30051111,45.30051111,-121.7347444,-121.73474444,0,No Special Jurisdiction,12,Motor Vehicle In-Transport,2,Front-to-Front,0,No,1,Non-Junction,1,Not an Intersection,0,,1,On Roadway,1,Daylight,10,Cloudy,0,No Additional Atmospheric Conditions,10,Cloudy,0,No,0000000,Not Applicable,18,6:00pm-6:59pm,54,54,19,7:00pm-7:59pm,55,55,21,9:00pm-9:59pm,16,16,0,,0,,0,,1,0
41,Oregon,410199,1,1,0,0,2,2,0,41,LINCOLN (41),0,NOT APPLICABLE,8,8,7,July,2016,6,Friday,13,1:00pm-1:59pm,50,50,0,This section IS NOT on the NHS,3,State Highway,SR-229 (ODOT 181),,1,Rural,5,Major Collector,1,State Highway Agency,291,291,44.66773333,44.66773333,-123.9479389,-123.94793889,0,No Special Jurisdiction,42,Tree (Standing Only),0,Not a Collision with Motor Vehicle In-Transport,0,No,1,Non-Junction,1,Not an Intersection,0,,4,On Roadside,1,Daylight,10,Cloudy,0,No Additional Atmospheric Conditions,10,Cloudy,0,No,0000000,Not Applicable,13,1:00pm-1:59pm,51,51,13,1:00pm-1:59pm,55,55,14,2:00pm-2:59pm,22,22,0,,0,,0,,1,0
41,Oregon,410200,2,2,0,0,13,13,0,39,LANE (39),0,NOT APPLICABLE,8,8,7,July,2016,6,Friday,16,4:00pm-4:59pm,36,36,0,This section IS NOT on the NHS,4,County Road,CR-ROW RIVER RD,CR-LAYNG RD,1,Rural,6,Minor Collector,2,County Highway Agency,35,35,43.79353056,43.79353056,-122.996375,-122.996375,0,No Special Jurisdiction,12,Motor Vehicle In-Transport,6,Angle,0,No,2,Intersection,3,T-Intersection,0,,1,On Roadway,1,Daylight,2,Rain,0,No Additional Atmospheric Conditions,2,Rain,0,No,0000000,Not Applicable,16,4:00pm-4:59pm,24,24,16,4:00pm-4:59pm,35,35,17,5:00pm-5:59pm,17,17,0,,0,,0,,1,0
41,Oregon,410201,1,1,0,1,1,1,1,51,MULTNOMAH (51),880,GRESHAM,8,8,7,July,2016,6,Friday,22,10:00pm-10:59pm,21,21,1,This section IS ON the NHS,6,Local Street - Municipality,NE 181ST ST,NE BARR RD,2,Urban,3,Principal Arterial - Other,4,City or Municipal Highway Agency,0,,45.53366111,45.53366111,-122.4772583,-122.47725833,0,No Special Jurisdiction,8,Pedestrian,0,Not a Collision with Motor Vehicle In-Transport,0,No,3,Intersection-Related,3,T-Intersection,0,,1,On Roadway,3,Dark - Lighted,2,Rain,0,No Additional Atmospheric Conditions,2,Rain,0,No,0000000,Not Applicable,22,10:00pm-10:59pm,23,23,22,10:00pm-10:59pm,25,25,22,10:00pm-10:59pm,49,49,0,,0,,0,,1,0
41,Oregon,410202,2,2,0,0,4,4,0,51,MULTNOMAH (51),1650,PORTLAND,9,9,7,July,2016,7,Saturday,9,9:00am-9:59am,34,34,0,This section IS NOT on the NHS,6,Local Street - Municipality,N ROSA PARKS WAY,N DELAWARE,2,Urban,5,Major Collector,4,City or Municipal Highway Agency,0,,45.569925,45.569925,-122.6924806,-122.69248056,0,No Special Jurisdiction,12,Motor Vehicle In-Transport,6,Angle,0,No,2,Intersection,2,Four-Way Intersection,0,,1,On Roadway,1,Daylight,1,Clear,0,No Additional Atmospheric Conditions,1,Clear,0,No,0000000,Not Applicable,9,9:00am-9:59am,34,34,10,10:00am-10:59am,8,8,10,10:00am-10:59am,26,26,0,,0,,0,,1,0
41,Oregon,410203,2,2,0,0,2,2,0,67,WASHINGTON (67),0,NOT APPLICABLE,13,13,7,July,2016,4,Wednesday,15,3:00pm-3:59pm,22,22,0,This section IS NOT on the NHS,3,State Highway,SR-47 (ODOT 102),,1,Rural,4,Minor Arterial,1,State Highway Agency,695,695,45.77835,45.77835,-123.2155083,-123.21550833,0,No Special Jurisdiction,12,Motor Vehicle In-Transport,2,Front-to-Front,0,No,1,Non-Junction,1,Not an Intersection,0,,1,On Roadway,1,Daylight,1,Clear,0,No Additional Atmospheric Conditions,1,Clear,0,No,0000000,Not Applicable,15,3:00pm-3:59pm,22,22,15,3:00pm-3:59pm,32,32,88,Not Applicable (Not Transported),88,Not Applicable (Not Transported),0,,0,,0,,2,1
41,Oregon,410204,1,1,0,0,1,1,0,29,JACKSON (29),840,GOLD HILL,13,13,7,July,2016,4,Wednesday,15,3:00pm-3:59pm,40,40,0,This section IS NOT on the NHS,3,State Highway,SR-99 (ODOT 271),BEEMAN ST,2,Urban,4,Minor Arterial,1,State Highway Agency,26,26,42.43176111,42.43176111,-123.0458972,-123.04589722,0,No Special Jurisdiction,1,Rollover/Overturn,0,Not a Collision with Motor Vehicle In-Transport,0,No,1,Non-Junction,1,Not an Intersection,0,,4,On Roadside,1,Daylight,1,Clear,0,No Additional Atmospheric Conditions,1,Clear,0,No,0000000,Not Applicable,15,3:00pm-3:59pm,45,45,15,3:00pm-3:59pm,50,50,88,Not Applicable (Not Transported),88,Not Applicable (Not Transported),0,,0,,0,,1,1
41,Oregon,410205,1,1,0,0,1,1,0,67,WASHINGTON (67),2065,TIGARD,13,13,7,July,2016,4,Wednesday,0,0:00am-0:59am,1,1,0,This section IS NOT on the NHS,3,State Highway,SR-141 (ODOT 141),,2,Urban,4,Minor Arterial,1,State Highway Agency,78,78,45.40106389,45.40106389,-122.75425,-122.75425,0,No Special Jurisdiction,42,Tree (Standing Only),0,Not a Collision with Motor Vehicle In-Transport,0,No,1,Non-Junction,1,Not an Intersection,0,,4,On Roadside,3,Dark - Lighted,10,Cloudy,0,No Additional Atmospheric Conditions,10,Cloudy,0,No,0000000,Not Applicable,99,Unknown,99,Unknown,99,Unknown EMS Scene Arrival Hour,99,Unknown EMS Scene Arrival Minutes,88,Not Applicable (Not Transported),88,Not Applicable (Not Transported),0,,0,,0,,1,1
41,Oregon,410206,1,1,0,0,2,2,0,5,CLACKAMAS (5),0,NOT APPLICABLE,14,14,7,July,2016,5,Thursday,16,4:00pm-4:59pm,30,30,0,This section IS NOT on the NHS,3,State Highway,SR-211 (ODOT 161),,1,Rural,4,Minor Arterial,1,State Highway Agency,220,220,45.17488056,45.17488056,-122.4250056,-122.42500556,0,No Special Jurisdiction,1,Rollover/Overturn,0,Not a Collision with Motor Vehicle In-Transport,0,No,1,Non-Junction,1,Not an Intersection,0,,4,On Roadside,1,Daylight,1,Clear,0,No Additional Atmospheric Conditions,1,Clear,0,No,0000000,Not Applicable,16,4:00pm-4:59pm,31,31,16,4:00pm-4:59pm,33,33,99,Unknown,99,Unknown EMS Hospital Arrival Time,0,,0,,0,,1,1
41,Oregon,410207,1,1,0,0,4,4,0,31,JEFFERSON (31),0,NOT APPLICABLE,14,14,7,July,2016,5,Thursday,17,5:00pm-5:59pm,30,30,0,This section IS NOT on the NHS,4,County Road,CR-GEM LN,,1,Rural,5,Major Collector,2,County Highway Agency,14,14,44.54928333,44.54928333,-121.2105556,-121.21055556,0,No Special Jurisdiction,10,Railway Vehicle,0,Not a Collision with Motor Vehicle In-Transport,0,No,6,Railway Grade Crossing,1,Not an Intersection,0,,1,On Roadway,1,Daylight,1,Clear,0,No Additional Atmospheric Conditions,1,Clear,0,No,066755D,066755D,17,5:00pm-5:59pm,31,31,17,5:00pm-5:59pm,42,42,18,6:00pm-6:59pm,7,7,0,,0,,0,,1,0
41,Oregon,410208,2,2,0,0,4,4,0,11,COOS (11),140,BANDON,15,15,7,July,2016,6,Friday,10,10:00am-10:59am,51,51,1,This section IS ON the NHS,2,U.S. Highway,US-101 (ODOT 9),9TH ST SW,1,Rural,3,Principal Arterial - Other,1,State Highway Agency,2744,2744,43.11512222,43.11512222,-124.4149972,-124.41499722,0,No Special Jurisdiction,12,Motor Vehicle In-Transport,1,Front-to-Rear,0,No,3,Intersection-Related,2,Four-Way Intersection,0,,1,On Roadway,1,Daylight,1,Clear,0,No Additional Atmospheric Conditions,1,Clear,0,No,0000000,Not Applicable,10,10:00am-10:59am,51,51,10,10:00am-10:59am,53,53,88,Not Applicable (Not Transported),88,Not Applicable (Not Transported),0,,0,,0,,1,0
41,Oregon,410209,1,1,0,0,5,5,0,39,LANE (39),0,NOT APPLICABLE,16,16,7,July,2016,7,Saturday,5,5:00am-5:59am,55,55,0,This section IS NOT on the NHS,4,County Road,CR-GAROUTTE RD,,1,Rural,6,Minor Collector,2,County Highway Agency,23,23,43.77803611,43.77803611,-122.9688806,-122.96888056,0,No Special Jurisdiction,34,Ditch,0,Not a Collision with Motor Vehicle In-Transport,0,No,1,Non-Junction,1,Not an Intersection,0,,4,On Roadside,4,Dawn,10,Cloudy,0,No Additional Atmospheric Conditions,10,Cloudy,0,No,0000000,Not Applicable,5,5:00am-5:59am,50,50,5,5:00am-5:59am,57,57,88,Not Applicable (Not Transported),88,Not Applicable (Not Transported),0,,0,,0,,1,0
41,Oregon,410210,2,2,0,0,6,6,0,5,CLACKAMAS (5),0,NOT APPLICABLE,16,16,7,July,2016,7,Saturday,20,8:00pm-8:59pm,35,35,0,This section IS NOT on the NHS,3,State Highway,SR-224 (ODOT 171),,1,Rural,5,Major Collector,1,State Highway Agency,333,333,45.07950833,45.07950833,-122.0545333,-122.05453333,0,No Special Jurisdiction,12,Motor Vehicle In-Transport,2,Front-to-Front,0,No,1,Non-Junction,1,Not an Intersection,0,,1,On Roadway,2,Dark - Not Lighted,1,Clear,0,No Additional Atmospheric Conditions,1,Clear,0,No,0000000,Not Applicable,20,8:00pm-8:59pm,50,50,21,9:00pm-9:59pm,5,5,99,Unknown,99,Unknown EMS Hospital Arrival Time,0,,0,,0,,1,1
41,Oregon,410211,1,1,0,0,5,5,0,65,WASCO (65),0,NOT APPLICABLE,17,17,7,July,2016,1,Sunday,19,7:00pm-7:59pm,31,31,0,This section IS NOT on the NHS,4,County Road,CR-BOYD LOOP RD,,1,Rural,5,Major Collector,2,County Highway Agency,5,5,45.45082778,45.45082778,-121.1184833,-121.11848333,0,No Special Jurisdiction,1,Rollover/Overturn,0,Not a Collision with Motor Vehicle In-Transport,0,No,1,Non-Junction,1,Not an Intersection,0,,4,On Roadside,1,Daylight,1,Clear,0,No Additional Atmospheric Conditions,1,Clear,0,No,0000000,Not Applicable,19,7:00pm-7:59pm,33,33,19,7:00pm-7:59pm,37,37,99,Unknown,99,Unknown EMS Hospital Arrival Time,0,,0,,0,,2,1
41,Oregon,410212,1,1,0,0,1,1,0,33,JOSEPHINE (33),0,NOT APPLICABLE,20,20,7,July,2016,4,Wednesday,16,4:00pm-4:59pm,5,5,0,This section IS NOT on the NHS,4,County Road,CR-WINONA RD,,1,Rural,6,Minor Collector,2,County Highway Agency,10,10,42.49774722,42.49774722,-123.3266778,-123.32667778,0,No Special Jurisdiction,42,Tree (Standing Only),0,Not a Collision with Motor Vehicle In-Transport,0,No,1,Non-Junction,1,Not an Intersection,0,,4,On Roadside,1,Daylight,1,Clear,0,No Additional Atmospheric Conditions,1,Clear,0,No,0000000,Not Applicable,16,4:00pm-4:59pm,25,25,16,4:00pm-4:59pm,39,39,16,4:00pm-4:59pm,56,56,0,,0,,0,,1,0