STATE,STATENAME,ST_CASE,VE_TOTAL,VE_FORMS,PVH_INVL,PEDS,PERSONS,PERMVIT,PERNOTMVIT,COUNTY,COUNTYNAME,CITY,CITYNAME,DAY,DAYNAME,MONTH,MONTHNAME,YEAR,DAY_WEEK,DAY_WEEKNAME,HOUR,HOURNAME,MINUTE,MINUTENAME,NHS,NHSNAME,ROUTE,ROUTENAME,TWAY_ID,TWAY_ID2,RUR_URB,RUR_URBNAME,FUNC_SYS,FUNC_SYSNAME,RD_OWNER,RD_OWNERNAME,MILEPT,MILEPTNAME,LATITUDE,LATITUDENAME,LONGITUD,LONGITUDNAME,SP_JUR,SP_JURNAME,HARM_EV,HARM_EVNAME,MAN_COLL,MAN_COLLNAME,RELJCT1,RELJCT1NAME,RELJCT2,RELJCT2NAME,TYP_INT,TYP_INTNAME,WRK_ZONE,WRK_ZONENAME,REL_ROAD,REL_ROADNAME,LGT_COND,LGT_CONDNAME,WEATHER1,WEATHER1NAME,WEATHER2,WEATHER2NAME,WEATHER,WEATHERNAME,SCH_BUS,SCH_BUSNAME,RAIL,RAILNAME,NOT_HOUR,NOT_HOURNAME,NOT_MIN,NOT_MINNAME,ARR_HOUR,ARR_HOURNAME,ARR_MIN,ARR_MINNAME,HOSP_HR,HOSP_HRNAME,HOSP_MN,HOSP_MNNAME,CF1,CF1NAME,CF2,CF2NAME,CF3,CF3NAME,FATALS,DRUNK_DR
41,Oregon,410282,1,1,0,0,1,1,0,7,CLATSOP (7),1870,SEASIDE,8,8,9,September,2016,5,Thursday,17,5:00pm-5:59pm,4,4,1,This section IS ON the NHS,2,U.S. Highway,US-101 (ODOT 9),,2,Urban,3,Principal Arterial - Other,1,State Highway Agency,222,222,45.97776667,45.97776667,-123.9273583,-123.92735833,0,No Special Jurisdiction,30,Utility Pole/Light Support,0,Not a Collision with Motor Vehicle In-Transport,0,No,1,Non-Junction,1,Not an Intersection,0,,4,On Roadside,1,Daylight,1,Clear,0,No Additional Atmospheric Conditions,1,Clear,0,No,0000000,Not Applicable,17,5:00pm-5:59pm,4,4,17,5:00pm-5:59pm,5,5,99,Unknown,99,Unknown EMS Hospital Arrival Time,0,,0,,0,,1,0
41,Oregon,410283,1,1,0,1,1,1,1,5,CLACKAMAS (5),0,NOT APPLICABLE,9,9,9,September,2016,6,Friday,16,4:00pm-4:59pm,40,40,1,This section IS ON the NHS,3,State Highway,SR-213 (ODOT 171),,2,Urban,2,Principal Arterial - Other Freeways and Expressways,1,State Highway Agency,44,44,45.419675,45.419675,-122.5722556,-122.57225556,0,No Special Jurisdiction,9,Pedalcyclist,0,Not a Collision with Motor Vehicle In-Transport,0,No,1,Non-Junction,1,Not an Intersection,0,,1,On Roadway,1,Daylight,1,Clear,0,No Additional Atmospheric Conditions,1,Clear,0,No,0000000,Not Applicable,16,4:00pm-4:59pm,42,42,16,4:00pm-4:59pm,45,45,99,Unknown,99,Unknown EMS Hospital Arrival Time,0,,0,,0,,1,0
41,Oregon,410284,1,1,0,0,1,1,0,29,JACKSON (29),0,NOT APPLICABLE,10,10,9,September,2016,7,Saturday,13,1:00pm-1:59pm,9,9,0,This section IS NOT on the NHS,3,State Highway,SR-62 (ODOT 22),,1,Rural,4,Minor Arterial,1,State Highway Agency,320,320,42.66954722,42.66954722,-122.6420639,-122.64206389,0,No Special Jurisdiction,1,Rollover/Overturn,0,Not a Collision with Motor Vehicle In-Transport,0,No,1,Non-Junction,1,Not an Intersection,0,,4,On Roadside,1,Daylight,1,Clear,0,No Additional Atmospheric Conditions,1,Clear,0,No,0000000,Not Applicable,13,1:00pm-1:59pm,9,9,13,1:00pm-1:59pm,28,28,99,Unknown,99,Unknown EMS Hospital Arrival Time,0,,0,,0,,1,1
41,Oregon,410285,1,1,0,0,2,2,0,29,JACKSON (29),0,NOT APPLICABLE,13,13,9,September,2016,3,Tuesday,21,9:00pm-9:59pm,33,33,0,This section IS NOT on the NHS,4,County Road,CR-ELKHORN RIDGE RD,,1,Rural,7,Local,2,County Highway Agency,18,18,42.82116667,42.82116667,-122.680675,-122.680675,0,No Special Jurisdiction,1,Rollover/Overturn,0,Not a Collision with Motor Vehicle In-Transport,0,No,1,Non-Junction,1,Not an Intersection,0,,4,On Roadside,2,Dark - Not Lighted,1,Clear,0,No Additional Atmospheric Conditions,1,Clear,0,No,0000000,Not Applicable,21,9:00pm-9:59pm,32,32,22,10:00pm-10:59pm,18,18,88,Not Applicable (Not Transported),88,Not Applicable (Not Transported),0,,0,,0,,1,1
41,Oregon,410286,2,2,0,0,2,2,0,47,MARION (47),0,NOT APPLICABLE,13,13,9,September,2016,3,Tuesday,7,7:00am-7:59am,59,59,0,This section IS NOT on the NHS,3,State Highway,SR-99 (ODOT 81),,1,Rural,4,Minor Arterial,1,State Highway Agency,260,260,45.21851667,45.21851667,-122.7629,-122.7629,0,No Special Jurisdiction,12,Motor Vehicle In-Transport,6,Angle,0,No,1,Non-Junction,1,Not an Intersection,0,,1,On Roadway,1,Daylight,1,Clear,0,No Additional Atmospheric Conditions,1,Clear,0,No,0000000,Not Applicable,8,8:00am-8:59am,4,4,8,8:00am-8:59am,4,4,9,9:00am-9:59am,1,1,0,,0,,0,,1,0
41,Oregon,410287,2,2,0,0,2,2,0,37,LAKE (37),0,NOT APPLICABLE,14,14,9,September,2016,4,Wednesday,5,5:00am-5:59am,14,14,0,This section IS NOT on the NHS,3,State Highway,SR-140 (ODOT 431),,1,Rural,5,Major Collector,1,State Highway Agency,25,25,42.24978611,42.24978611,-120.3223944,-120.32239444,0,No Special Jurisdiction,12,Motor Vehicle In-Transport,1,Front-to-Rear,0,No,1,Non-Junction,1,Not an Intersection,0,,1,On Roadway,2,Dark - Not Lighted,1,Clear,0,No Additional Atmospheric Conditions,1,Clear,0,No,0000000,Not Applicable,5,5:00am-5:59am,21,21,5,5:00am-5:59am,37,37,88,Not Applicable (Not Transported),88,Not Applicable (Not Transported),0,,0,,0,,1,0
41,Oregon,410288,2,2,0,0,5,5,0,53,POLK (53),0,NOT APPLICABLE,15,15,9,September,2016,5,Thursday,8,8:00am-8:59am,5,5,0,This section IS NOT on the NHS,3,State Highway,SR-99 (ODOT 91),CR-CLOW CORNER RD,1,Rural,4,Minor Arterial,1,State Highway Agency,600,600,44.897525,44.897525,-123.2285639,-123.22856389,0,No Special Jurisdiction,12,Motor Vehicle In-Transport,6,Angle,0,No,2,Intersection,2,Four-Way Intersection,0,,1,On Roadway,1,Daylight,1,Clear,0,No Additional Atmospheric Conditions,1,Clear,0,No,0000000,Not Applicable,8,8:00am-8:59am,7,7,8,8:00am-8:59am,11,11,9,9:00am-9:59am,8,8,0,,0,,0,,1,0
41,Oregon,410289,1,1,0,0,2,2,0,65,WASCO (65),0,NOT APPLICABLE,13,13,8,August,2016,7,Saturday,22,10:00pm-10:59pm,44,44,0,This section IS NOT on the NHS,4,County Road,CR-STATE RD,CR-DAVENPORT RD,1,Rural,5,Major Collector,2,County Highway Agency,0,,45.67965278,45.67965278,-121.3790833,-121.37908333,0,No Special Jurisdiction,42,Tree (Standing Only),0,Not a Collision with Motor Vehicle In-Transport,0,No,3,Intersection-Related,3,T-Intersection,0,,4,On Roadside,2,Dark - Not Lighted,98,Not Reported,0,No Additional Atmospheric Conditions,98,Not Reported,0,No,0000000,Not Applicable,22,10:00pm-10:59pm,57,57,23,11:00pm-11:59pm,42,42,0,0:00am-0:59am,41,41,0,,0,,0,,1,1
41,Oregon,410290,1,1,0,0,1,1,0,43,LINN (43),0,NOT APPLICABLE,17,17,9,September,2016,7,Saturday,16,4:00pm-4:59pm,8,8,1,This section IS ON the NHS,3,State Highway,SR-22 (ODOT 162),,1,Rural,3,Principal Arterial - Other,1,State Highway Agency,750,750,44.51846111,44.51846111,-121.9969278,-121.99692778,0,No Special Jurisdiction,42,Tree (Standing Only),0,Not a Collision with Motor Vehicle In-Transport,0,No,1,Non-Junction,1,Not an Intersection,0,,4,On Roadside,1,Daylight,2,Rain,0,No Additional Atmospheric Conditions,2,Rain,0,No,0000000,Not Applicable,16,4:00pm-4:59pm,9,9,16,4:00pm-4:59pm,45,45,88,Not Applicable (Not Transported),88,Not Applicable (Not Transported),0,,0,,0,,1,0
41,Oregon,410291,2,2,0,0,6,6,0,41,LINCOLN (41),0,NOT APPLICABLE,17,17,9,September,2016,7,Saturday,18,6:00pm-6:59pm,39,39,1,This section IS ON the NHS,3,State Highway,SR-18 (ODOT 39),,1,Rural,3,Principal Arterial - Other,1,State Highway Agency,17,17,45.020225,45.020225,-123.9429694,-123.94296944,0,No Special Jurisdiction,12,Motor Vehicle In-Transport,6,Angle,0,No,1,Non-Junction,1,Not an Intersection,0,,1,On Roadway,1,Daylight,10,Cloudy,0,No Additional Atmospheric Conditions,10,Cloudy,0,No,0000000,Not Applicable,18,6:00pm-6:59pm,40,40,18,6:00pm-6:59pm,45,45,19,7:00pm-7:59pm,17,17,0,,0,,0,,2,0
41,Oregon,410292,1,1,0,0,1,1,0,53,POLK (53),0,NOT APPLICABLE,17,17,9,September,2016,7,Saturday,21,9:00pm-9:59pm,57,57,1,This section IS ON the NHS,3,State Highway,SR-22 (ODOT 30),,1,Rural,3,Principal Arterial - Other,1,State Highway Agency,137,137,44.95097778,44.95097778,-123.2685583,-123.26855833,0,No Special Jurisdiction,34,Ditch,0,Not a Collision with Motor Vehicle In-Transport,0,No,1,Non-Junction,1,Not an Intersection,0,,4,On Roadside,2,Dark - Not Lighted,2,Rain,0,No Additional Atmospheric Conditions,2,Rain,0,No,0000000,Not Applicable,21,9:00pm-9:59pm,58,58,22,10:00pm-10:59pm,5,5,88,Not Applicable (Not Transported),88,Not Applicable (Not Transported),0,,0,,0,,1,0
41,Oregon,410293,2,2,0,0,2,2,0,19,DOUGLAS (19),0,NOT APPLICABLE,18,18,9,September,2016,1,Sunday,4,4:00am-4:59am,15,15,1,This section IS ON the NHS,3,State Highway,SR-42 (ODOT 35),,2,Urban,3,Principal Arterial - Other,1,State Highway Agency,766,766,43.15192222,43.15192222,-123.3670556,-123.36705556,0,No Special Jurisdiction,1,Rollover/Overturn,0,Not a Collision with Motor Vehicle In-Transport,0,No,5,Entrance/Exit Ramp Related,1,Not an Intersection,0,,8,Gore,3,Dark - Lighted,1,Clear,0,No Additional Atmospheric Conditions,1,Clear,0,No,0000000,Not Applicable,4,4:00am-4:59am,15,15,4,4:00am-4:59am,23,23,99,Unknown,99,Unknown EMS Hospital Arrival Time,0,,0,,0,,1,1
41,Oregon,410294,2,2,0,0,2,2,0,47,MARION (47),1810,SALEM,2,2,9,September,2016,6,Friday,7,7:00am-7:59am,33,33,1,This section IS ON the NHS,6,Local Street - Municipality,CORDON RD SE,,2,Urban,3,Principal Arterial - Other,4,City or Municipal Highway Agency,0,,44.90753611,44.90753611,-122.9625,-122.9625,0,No Special Jurisdiction,12,Motor Vehicle In-Transport,2,Front-to-Front,0,No,1,Non-Junction,1,Not an Intersection,0,,1,On Roadway,1,Daylight,1,Clear,0,No Additional Atmospheric Conditions,1,Clear,0,No,0000000,Not Applicable,7,7:00am-7:59am,33,33,8,8:00am-8:59am,33,33,8,8:00am-8:59am,42,42,0,,0,,0,,1,0
41,Oregon,410295,2,2,0,0,2,2,0,47,MARION (47),0,NOT APPLICABLE,2,2,9,September,2016,6,Friday,13,1:00pm-1:59pm,0,0,0,This section IS NOT on the NHS,4,County Road,CR-DELANEY RD SE,CR-PARRISH GAP RD SE,1,Rural,4,Minor Arterial,1,State Highway Agency,42,42,44.84131667,44.84131667,-122.9930667,-122.99306667,0,No Special Jurisdiction,12,Motor Vehicle In-Transport,6,Angle,0,No,2,Intersection,3,T-Intersection,0,,1,On Roadway,1,Daylight,2,Rain,0,No Additional Atmospheric Conditions,2,Rain,0,No,0000000,Not Applicable,13,1:00pm-1:59pm,0,0,13,1:00pm-1:59pm,6,6,88,Not Applicable (Not Transported),88,Not Applicable (Not Transported),0,,0,,0,,1,0
41,Oregon,410296,1,1,0,0,4,4,0,29,JACKSON (29),1310,MEDFORD,3,3,9,September,2016,7,Saturday,1,1:00am-1:59am,40,40,1,This section IS ON the NHS,1,Interstate,I-5 RAMP,,2,Urban,1,Interstate,1,State Highway Agency,307,307,42.35274722,42.35274722,-122.8778306,-122.87783056,0,No Special Jurisdiction,1,Rollover/Overturn,0,Not a Collision with Motor Vehicle In-Transport,1,Yes,19,Other location within Interchange Area,1,Not an Intersection,0,,8,Gore,2,Dark - Not Lighted,1,Clear,0,No Additional Atmospheric Conditions,1,Clear,0,No,0000000,Not Applicable,1,1:00am-1:59am,40,40,1,1:00am-1:59am,48,48,99,Unknown,99,Unknown EMS Hospital Arrival Time,0,,0,,0,,1,1
41,Oregon,410297,1,1,0,1,4,4,1,67,WASHINGTON (67),180,BEAVERTON,3,3,9,September,2016,7,Saturday,18,6:00pm-6:59pm,50,50,0,This section IS NOT on the NHS,6,Local Street - Municipality,W BASELINE RD,,2,Urban,5,Major Collector,4,City or Municipal Highway Agency,0,,45.51224444,45.51224444,-122.8479361,-122.84793611,0,No Special Jurisdiction,8,Pedestrian,0,Not a Collision with Motor Vehicle In-Transport,0,No,1,Non-Junction,1,Not an Intersection,0,,1,On Roadway,1,Daylight,10,Cloudy,0,No Additional Atmospheric Conditions,10,Cloudy,0,No,0000000,Not Applicable,18,6:00pm-6:59pm,51,51,18,6:00pm-6:59pm,53,53,88,Not Applicable (Not Transported),88,Not Applicable (Not Transported),0,,0,,0,,1,0
41,Oregon,410298,1,1,0,0,1,1,0,61,UNION (61),0,NOT APPLICABLE,4,4,9,September,2016,1,Sunday,5,5:00am-5:59am,0,0,0,This section IS NOT on the NHS,3,State Highway,SR-237 (ODOT 66),,1,Rural,5,Major Collector,1,State Highway Agency,292,292,45.07006944,45.07006944,-117.88175,-117.88175,0,No Special Jurisdiction,31,"Post, Pole or Other Supports",0,Not a Collision with Motor Vehicle In-Transport,0,No,1,Non-Junction,1,Not an Intersection,0,,4,On Roadside,4,Dawn,1,Clear,0,No Additional Atmospheric Conditions,1,Clear,0,No,0000000,Not Applicable,5,5:00am-5:59am,50,50,5,5:00am-5:59am,58,58,88,Not Applicable (Not Transported),88,Not Applicable (Not Transported),0,,0,,0,,1,1
41,Oregon,410299,1,1,0,1,2,2,1,51,MULTNOMAH (51),1650,PORTLAND,4,4,9,September,2016,1,Sunday,21,9:00pm-9:59pm,20,20,1,This section IS ON the NHS,6,Local Street - Municipality,SE DIVISION ST,,2,Urban,3,Principal Arterial - Other,4,City or Municipal Highway Agency,0,,45.50408056,45.50408056,-122.5360194,-122.53601944,0,No Special Jurisdiction,8,Pedestrian,0,Not a Collision with Motor Vehicle In-Transport,0,No,1,Non-Junction,1,Not an Intersection,0,,1,On Roadway,3,Dark - Lighted,10,Cloudy,0,No Additional Atmospheric Conditions,10,Cloudy,0,No,0000000,Not Applicable,99,Unknown,99,Unknown,99,Unknown EMS Scene Arrival Hour,99,Unknown EMS Scene Arrival Minutes,88,Not Applicable (Not Transported),88,Not Applicable (Not Transported),0,,0,,0,,1,1
41,Oregon,410300,1,1,0,0,1,1,0,59,UMATILLA (59),0,NOT APPLICABLE,24,24,9,September,2016,7,Saturday,20,8:00pm-8:59pm,45,45,0,This section IS NOT on the NHS,4,County Road,CR-MISSION RD,,1,Rural,5,Major Collector,50,Indian Tribe Nation,45,45,45.66754722,45.66754722,-118.6679361,-118.66793611,0,No Special Jurisdiction,1,Rollover/Overturn,0,Not a Collision with Motor Vehicle In-Transport,0,No,1,Non-Junction,1,Not an Intersection,0,,4,On Roadside,2,Dark - Not Lighted,1,Clear,0,No Additional Atmospheric Conditions,1,Clear,0,No,0000000,Not Applicable,99,Unknown,99,Unknown,99,Unknown EMS Scene Arrival Hour,99,Unknown EMS Scene Arrival Minutes,88,Not Applicable (Not Transported),88,Not Applicable (Not Transported),0,,0,,0,,1,1
41,Oregon,410301,1,1,0,1,1,1,1,27,HOOD RIVER (27),0,NOT APPLICABLE,20,20,9,September,2016,3,Tuesday,14,2:00pm-2:59pm,14,14,0,This section IS NOT on the NHS,4,County Road,CR-BARRETT DR,,2,Urban,5,Major Collector,2,County Highway Agency,9,9,45.67845278,45.67845278,-121.5672111,-121.56721111,0,No Special Jurisdiction,8,Pedestrian,0,Not a Collision with Motor Vehicle In-Transport,0,No,1,Non-Junction,1,Not an Intersection,0,,1,On Roadway,1,Daylight,1,Clear,0,No Additional Atmospheric Conditions,1,Clear,0,No,0000000,Not Applicable,14,2:00pm-2:59pm,15,15,14,2:00pm-2:59pm,18,18,99,Unknown,99,Unknown EMS Hospital Arrival Time,0,,0,,0,,1,1
41,Oregon,410302,2,2,0,0,3,3,0,59,UMATILLA (59),0,NOT APPLICABLE,20,20,9,September,2016,3,Tuesday,19,7:00pm-7:59pm,48,48,0,This section IS NOT on the NHS,4,County Road,CR-FEEDVILLE RD,CR-S EDWARDS RD,1,Rural,5,Major Collector,2,County Highway Agency,209,209,45.80585833,45.80585833,-119.2045861,-119.20458611,0,No Special Jurisdiction,12,Motor Vehicle In-Transport,6,Angle,0,No,2,Intersection,2,Four-Way Intersection,0,,1,On Roadway,2,Dark - Not Lighted,1,Clear,0,No Additional Atmospheric Conditions,1,Clear,0,No,0000000,Not Applicable,19,7:00pm-7:59pm,49,49,19,7:00pm-7:59pm,56,56,99,Unknown,99,Unknown EMS Hospital Arrival Time,0,,0,,0,,1,0
41,Oregon,410303,2,2,0,0,3,3,0,71,YAMHILL (71),0,NOT APPLICABLE,21,21,9,September,2016,4,Wednesday,13,1:00pm-1:59pm,58,58,1,This section IS ON the NHS,3,State Highway,SR-99 (ODOT 91),,1,Rural,3,Principal Arterial - Other,1,State Highway Agency,304,304,45.2358,45.2358,-123.070275,-123.070275,0,No Special Jurisdiction,12,Motor Vehicle In-Transport,6,Angle,0,No,1,Non-Junction,1,Not an Intersection,0,,1,On Roadway,1,Daylight,1,Clear,0,No Additional Atmospheric Conditions,1,Clear,0,No,0000000,Not Applicable,13,1:00pm-1:59pm,59,59,14,2:00pm-2:59pm,16,16,14,2:00pm-2:59pm,53,53,0,,0,,0,,1,0
41,Oregon,410304,1,1,0,0,1,1,0,33,JOSEPHINE (33),0,NOT APPLICABLE,10,10,8,August,2016,4,Wednesday,14,2:00pm-2:59pm,39,39,0,This section IS NOT on the NHS,4,County Road,CR-PLACER RD,,1,Rural,5,Major Collector,2,County Highway Agency,3,3,42.63477222,42.63477222,-123.3722722,-123.37227222,0,No Special Jurisdiction,42,Tree (Standing Only),0,Not a Collision with Motor Vehicle In-Transport,0,No,1,Non-Junction,1,Not an Intersection,0,,4,On Roadside,1,Daylight,1,Clear,0,No Additional Atmospheric Conditions,1,Clear,0,No,0000000,Not Applicable,14,2:00pm-2:59pm,39,39,14,2:00pm-2:59pm,56,56,88,Not Applicable (Not Transported),88,Not Applicable (Not Transported),0,,0,,0,,1,0
41,Oregon,410305,1,1,0,0,1,1,0,5,CLACKAMAS (5),0,NOT APPLICABLE,17,17,8,August,2016,4,Wednesday,20,8:00pm-8:59pm,4,4,0,This section IS NOT on the NHS,4,County Road,CR-TEN EYCK ED,,1,Rural,6,Minor Collector,2,County Highway Agency,0,,45.42974167,45.42974167,-122.2499556,-122.24995556,0,No Special Jurisdiction,42,Tree (Standing Only),0,Not a Collision with Motor Vehicle In-Transport,0,No,1,Non-Junction,1,Not an Intersection,0,,4,On Roadside,2,Dark - Not Lighted,1,Clear,0,No Additional Atmospheric Conditions,1,Clear,0,No,0000000,Not Applicable,20,8:00pm-8:59pm,4,4,20,8:00pm-8:59pm,19,19,88,Not Applicable (Not Transported),88,Not Applicable (Not Transported),0,,0,,0,,1,0
41,Oregon,410306,2,2,0,0,2,2,0,71,YAMHILL (71),0,NOT APPLICABLE,1,1,8,August,2016,2,Monday,9,9:00am-9:59am,23,23,0,This section IS NOT on the NHS,3,State Highway,SR-22 (ODOT 32),CR-SW GRAND RONDE RD,1,Rural,4,Minor Arterial,1,State Highway Agency,220,220,45.08001667,45.08001667,-123.6118889,-123.61188889,0,No Special Jurisdiction,12,Motor Vehicle In-Transport,6,Angle,0,No,2,Intersection,2,Four-Way Intersection,0,,1,On Roadway,1,Daylight,1,Clear,0,No Additional Atmospheric Conditions,1,Clear,0,No,0000000,Not Applicable,9,9:00am-9:59am,23,23,9,9:00am-9:59am,27,27,99,Unknown,99,Unknown EMS Hospital Arrival Time,0,,0,,0,,1,1
41,Oregon,410307,1,1,0,1,1,1,1,33,JOSEPHINE (33),860,GRANTS PASS,21,21,9,September,2016,4,Wednesday,6,6:00am-6:59am,30,30,1,This section IS ON the NHS,2,U.S. Highway,US-199 (ODOT 25),,2,Urban,3,Principal Arterial - Other,1,State Highway Agency,23,23,42.41802778,42.41802778,-123.3697722,-123.36977222,0,No Special Jurisdiction,8,Pedestrian,0,Not a Collision with Motor Vehicle In-Transport,0,No,1,Non-Junction,1,Not an Intersection,0,,1,On Roadway,2,Dark - Not Lighted,1,Clear,0,No Additional Atmospheric Conditions,1,Clear,0,No,0000000,Not Applicable,6,6:00am-6:59am,33,33,6,6:00am-6:59am,39,39,88,Not Applicable (Not Transported),88,Not Applicable (Not Transported),0,,0,,0,,1,0
41,Oregon,410308,2,2,0,0,5,5,0,55,SHERMAN (55),0,NOT APPLICABLE,25,25,9,September,2016,1,Sunday,17,5:00pm-5:59pm,30,30,1,This section IS ON the NHS,2,U.S. Highway,US-97 (ODOT 42),,1,Rural,3,Principal Arterial - Other,1,State Highway Agency,312,312,45.31576111,45.31576111,-120.7685778,-120.76857778,0,No Special Jurisdiction,12,Motor Vehicle In-Transport,6,Angle,0,No,1,Non-Junction,1,Not an Intersection,0,,1,On Roadway,1,Daylight,1,Clear,0,No Additional Atmospheric Conditions,1,Clear,0,No,0000000,Not Applicable,99,Unknown,99,Unknown,99,Unknown EMS Scene Arrival Hour,99,Unknown EMS Scene Arrival Minutes,99,Unknown,99,Unknown EMS Hospital Arrival Time,0,,0,,0,,1,0
41,Oregon,410309,2,2,0,0,2,2,0,5,CLACKAMAS (5),0,NOT APPLICABLE,26,26,9,September,2016,2,Monday,6,6:00am-6:59am,30,30,1,This section IS ON the NHS,1,Interstate,I-5,,1,Rural,1,Interstate,1,State Highway Agency,2816,2816,45.27066111,45.27066111,-122.7770444,-122.77704444,0,No Special Jurisdiction,12,Motor Vehicle In-Transport,6,Angle,0,No,1,Non-Junction,1,Not an Intersection,0,,1,On Roadway,4,Dawn,1,Clear,0,No Additional Atmospheric Conditions,1,Clear,0,No,0000000,Not Applicable,6,6:00am-6:59am,35,35,6,6:00am-6:59am,45,45,88,Not Applicable (Not Transported),88,Not Applicable (Not Transported),0,,0,,0,,1,0
41,Oregon,410310,1,1,0,1,1,1,1,51,MULTNOMAH (51),880,GRESHAM,30,30,9,September,2016,6,Friday,21,9:00pm-9:59pm,50,50,1,This section IS ON the NHS,6,Local Street - Municipality,NE 181ST  AVE,NE WASCO ST,2,Urban,3,Principal Arterial - Other,4,City or Municipal Highway Agency,0,,45.53171944,45.53171944,-122.4772583,-122.47725833,0,No Special Jurisdiction,8,Pedestrian,0,Not a Collision with Motor Vehicle In-Transport,0,No,3,Intersection-Related,3,T-Intersection,0,,1,On Roadway,2,Dark - Not Lighted,10,Cloudy,0,No Additional Atmospheric Conditions,10,Cloudy,0,No,0000000,Not Applicable,99,Unknown,99,Unknown,99,Unknown EMS Scene Arrival Hour,99,Unknown EMS Scene Arrival Minutes,99,Unknown,99,Unknown EMS Hospital Arrival Time,0,,0,,0,,1,0
41,Oregon,410311,2,2,0,0,3,3,0,5,CLACKAMAS (5),0,NOT APPLICABLE,26,26,9,September,2016,2,Monday,10,10:00am-10:59am,9,9,0,This section IS NOT on the NHS,4,County Road,CR-S CENTRAL POINT RD,CR-S NEW ERA RD,1,Rural,5,Major Collector,2,County Highway Agency,0,,45.29549167,45.29549167,-122.6301444,-122.63014444,0,No Special Jurisdiction,12,Motor Vehicle In-Transport,6,Angle,0,No,2,Intersection,2,Four-Way Intersection,0,,1,On Roadway,1,Daylight,1,Clear,0,No Additional Atmospheric Conditions,1,Clear,0,No,0000000,Not Applicable,10,10:00am-10:59am,9,9,10,10:00am-10:59am,20,20,99,Unknown,99,Unknown EMS Hospital Arrival Time,0,,0,,0,,1,0
41,Oregon,410312,2,2,0,0,2,2,0,71,YAMHILL (71),0,NOT APPLICABLE,28,28,9,September,2016,4,Wednesday,6,6:00am-6:59am,12,12,1,This section IS ON the NHS,3,State Highway,SR-99 (ODOT 91),,1,Rural,3,Principal Arterial - Other,1,State Highway Agency,202,202,45.31563333,45.31563333,-122.9133444,-122.91334444,0,No Special Jurisdiction,12,Motor Vehicle In-Transport,1,Front-to-Rear,0,No,1,Non-Junction,1,Not an Intersection,0,,1,On Roadway,2,Dark - Not Lighted,1,Clear,0,No Additional Atmospheric Conditions,1,Clear,0,No,0000000,Not Applicable,6,6:00am-6:59am,13,13,6,6:00am-6:59am,19,19,88,Not Applicable (Not Transported),88,Not Applicable (Not Transported),0,,0,,0,,1,0
41,Oregon,410313,2,2,0,0,2,2,0,51,MULTNOMAH (51),2090,TROUTDALE,29,29,9,September,2016,5,Thursday,15,3:00pm-3:59pm,27,27,1,This section IS ON the NHS,1,Interstate,I-84 RAMP 002IR1,I-84 RAMP 002BK1,2,Urban,1,Interstate,1,State Highway Agency,178,178,45.54438889,45.54438889,-122.3905472,-122.39054722,0,No Special Jurisdiction,12,Motor Vehicle In-Transport,7,Sideswipe - Same Direction,1,Yes,5,Entrance/Exit Ramp Related,1,Not an Intersection,0,,1,On Roadway,1,Daylight,10,Cloudy,0,No Additional Atmospheric Conditions,10,Cloudy,0,No,0000000,Not Applicable,15,3:00pm-3:59pm,27,27,15,3:00pm-3:59pm,32,32,88,Not Applicable (Not Transported),88,Not Applicable (Not Transported),0,,0,,0,,1,0
41,Oregon,410314,2,2,0,0,2,2,0,59,UMATILLA (59),0,NOT APPLICABLE,30,30,9,September,2016,6,Friday,7,7:00am-7:59am,43,43,0,This section IS NOT on the NHS,3,State Highway,SR-207 (ODOT 320),CR-MADISON RD,1,Rural,4,Minor Arterial,1,State Highway Agency,273,273,45.71179167,45.71179167,-119.3580222,-119.35802222,0,No Special Jurisdiction,12,Motor Vehicle In-Transport,2,Front-to-Front,0,No,2,Intersection,3,T-Intersection,0,,1,On Roadway,1,Daylight,1,Clear,0,No Additional Atmospheric Conditions,1,Clear,0,No,0000000,Not Applicable,7,7:00am-7:59am,43,43,7,7:00am-7:59am,55,55,99,Unknown,99,Unknown EMS Hospital Arrival Time,0,,0,,0,,1,0
41,Oregon,410315,1,1,0,0,1,1,0,7,CLATSOP (7),0,NOT APPLICABLE,5,5,9,September,2016,2,Monday,20,8:00pm-8:59pm,53,53,1,This section IS ON the NHS,2,U.S. Highway,US-26 (ODOT 47),,1,Rural,3,Principal Arterial - Other,1,State Highway Agency,195,195,45.86630833,45.86630833,-123.5945861,-123.59458611,0,No Special Jurisdiction,34,Ditch,0,Not a Collision with Motor Vehicle In-Transport,0,No,1,Non-Junction,1,Not an Intersection,0,,4,On Roadside,2,Dark - Not Lighted,10,Cloudy,0,No Additional Atmospheric Conditions,10,Cloudy,0,No,0000000,Not Applicable,20,8:00pm-8:59pm,55,55,21,9:00pm-9:59pm,15,15,22,10:00pm-10:59pm,19,19,0,,0,,0,,1,1