STATE,STATENAME,ST_CASE,VE_TOTAL,VE_FORMS,PVH_INVL,PEDS,PERSONS,PERMVIT,PERNOTMVIT,COUNTY,COUNTYNAME,CITY,CITYNAME,DAY,DAYNAME,MONTH,MONTHNAME,YEAR,DAY_WEEK,DAY_WEEKNAME,HOUR,HOURNAME,MINUTE,MINUTENAME,NHS,NHSNAME,ROUTE,ROUTENAME,TWAY_ID,TWAY_ID2,RUR_URB,RUR_URBNAME,FUNC_SYS,FUNC_SYSNAME,RD_OWNER,RD_OWNERNAME,MILEPT,MILEPTNAME,LATITUDE,LATITUDENAME,LONGITUD,LONGITUDNAME,SP_JUR,SP_JURNAME,HARM_EV,HARM_EVNAME,MAN_COLL,MAN_COLLNAME,RELJCT1,RELJCT1NAME,RELJCT2,RELJCT2NAME,TYP_INT,TYP_INTNAME,WRK_ZONE,WRK_ZONENAME,REL_ROAD,REL_ROADNAME,LGT_COND,LGT_CONDNAME,WEATHER1,WEATHER1NAME,WEATHER2,WEATHER2NAME,WEATHER,WEATHERNAME,SCH_BUS,SCH_BUSNAME,RAIL,RAILNAME,NOT_HOUR,NOT_HOURNAME,NOT_MIN,NOT_MINNAME,ARR_HOUR,ARR_HOURNAME,ARR_MIN,ARR_MINNAME,HOSP_HR,HOSP_HRNAME,HOSP_MN,HOSP_MNNAME,CF1,CF1NAME,CF2,CF2NAME,CF3,CF3NAME,FATALS,DRUNK_DR
41,Oregon,410316,1,1,0,0,2,2,0,45,MALHEUR (45),0,NOT APPLICABLE,18,18,9,September,2016,1,Sunday,1,1:00am-1:59am,46,46,0,This section IS NOT on the NHS,4,County Road,CR-LYTLE BLVD,,1,Rural,5,Major Collector,2,County Highway Agency,0,,43.83907778,43.83907778,-117.1126833,-117.11268333,0,No Special Jurisdiction,1,Rollover/Overturn,0,Not a Collision with Motor Vehicle In-Transport,0,No,1,Non-Junction,1,Not an Intersection,0,,4,On Roadside,2,Dark - Not Lighted,1,Clear,0,No Additional Atmospheric Conditions,1,Clear,0,No,0000000,Not Applicable,99,Unknown,99,Unknown,99,Unknown EMS Scene Arrival Hour,99,Unknown EMS Scene Arrival Minutes,99,Unknown,99,Unknown EMS Hospital Arrival Time,0,,0,,0,,1,0
41,Oregon,410317,1,1,0,0,1,1,0,61,UNION (61),0,NOT APPLICABLE,19,19,9,September,2016,2,Monday,15,3:00pm-3:59pm,0,0,1,This section IS ON the NHS,3,State Highway,SR-82 (ODOT 10),,1,Rural,3,Principal Arterial - Other,1,State Highway Agency,307,307,45.58494167,45.58494167,-117.7347194,-117.73471944,0,No Special Jurisdiction,24,Guardrail Face,0,Not a Collision with Motor Vehicle In-Transport,0,No,1,Non-Junction,1,Not an Intersection,0,,4,On Roadside,1,Daylight,10,Cloudy,0,No Additional Atmospheric Conditions,10,Cloudy,0,No,0000000,Not Applicable,15,3:00pm-3:59pm,4,4,15,3:00pm-3:59pm,18,18,88,Not Applicable (Not Transported),88,Not Applicable (Not Transported),0,,0,,0,,1,0
41,Oregon,410318,1,1,0,0,1,1,0,45,MALHEUR (45),0,NOT APPLICABLE,22,22,9,September,2016,5,Thursday,19,7:00pm-7:59pm,48,48,0,This section IS NOT on the NHS,2,U.S. Highway,US-20 (ODOT 7),,1,Rural,4,Minor Arterial,1,State Highway Agency,2590,2590,43.98868611,43.98868611,-117.0262222,-117.02622222,0,No Special Jurisdiction,1,Rollover/Overturn,0,Not a Collision with Motor Vehicle In-Transport,0,No,1,Non-Junction,1,Not an Intersection,0,,1,On Roadway,2,Dark - Not Lighted,1,Clear,0,No Additional Atmospheric Conditions,1,Clear,0,No,0000000,Not Applicable,19,7:00pm-7:59pm,51,51,19,7:00pm-7:59pm,56,56,88,Not Applicable (Not Transported),88,Not Applicable (Not Transported),0,,0,,0,,1,1
41,Oregon,410319,1,1,0,0,2,2,0,59,UMATILLA (59),0,NOT APPLICABLE,23,23,9,September,2016,6,Friday,16,4:00pm-4:59pm,35,35,1,This section IS ON the NHS,1,Interstate,I-82,,2,Urban,1,Interstate,1,State Highway Agency,30,30,45.84516667,45.84516667,-119.3714667,-119.37146667,0,No Special Jurisdiction,1,Rollover/Overturn,0,Not a Collision with Motor Vehicle In-Transport,0,No,1,Non-Junction,1,Not an Intersection,0,,3,On Median,1,Daylight,1,Clear,0,No Additional Atmospheric Conditions,1,Clear,0,No,0000000,Not Applicable,16,4:00pm-4:59pm,35,35,16,4:00pm-4:59pm,42,42,99,Unknown,99,Unknown EMS Hospital Arrival Time,0,,0,,0,,1,1
41,Oregon,410320,1,1,0,1,1,1,1,51,MULTNOMAH (51),880,GRESHAM,24,24,9,September,2016,7,Saturday,3,3:00am-3:59am,19,19,1,This section IS ON the NHS,6,Local Street - Municipality,NE GLISAN ST,,2,Urban,3,Principal Arterial - Other,4,City or Municipal Highway Agency,0,,45.52635278,45.52635278,-122.4572917,-122.45729167,0,No Special Jurisdiction,9,Pedalcyclist,0,Not a Collision with Motor Vehicle In-Transport,0,No,1,Non-Junction,1,Not an Intersection,0,,1,On Roadway,3,Dark - Lighted,1,Clear,0,No Additional Atmospheric Conditions,1,Clear,0,No,0000000,Not Applicable,3,3:00am-3:59am,19,19,3,3:00am-3:59am,24,24,3,3:00am-3:59am,58,58,0,,0,,0,,1,0
41,Oregon,410321,1,1,0,0,1,1,0,39,LANE (39),0,NOT APPLICABLE,26,26,9,September,2016,2,Monday,20,8:00pm-8:59pm,5,5,1,This section IS ON the NHS,3,State Highway,SR-58 (ODOT 18),,1,Rural,3,Principal Arterial - Other,1,State Highway Agency,275,275,43.80278333,43.80278333,-122.5619389,-122.56193889,0,No Special Jurisdiction,42,Tree (Standing Only),0,Not a Collision with Motor Vehicle In-Transport,0,No,1,Non-Junction,1,Not an Intersection,0,,4,On Roadside,2,Dark - Not Lighted,1,Clear,0,No Additional Atmospheric Conditions,1,Clear,0,No,0000000,Not Applicable,20,8:00pm-8:59pm,5,5,20,8:00pm-8:59pm,15,15,88,Not Applicable (Not Transported),88,Not Applicable (Not Transported),0,,0,,0,,1,0
41,Oregon,410322,2,2,0,0,2,2,0,67,WASHINGTON (67),0,NOT APPLICABLE,30,30,9,September,2016,6,Friday,8,8:00am-8:59am,38,38,0,This section IS NOT on the NHS,4,County Road,CR-SW SCHOLLS FERRY RD,,1,Rural,4,Minor Arterial,2,County Highway Agency,0,,45.41272778,45.41272778,-122.9222,-122.9222,0,No Special Jurisdiction,12,Motor Vehicle In-Transport,2,Front-to-Front,0,No,1,Non-Junction,1,Not an Intersection,0,,1,On Roadway,1,Daylight,1,Clear,0,No Additional Atmospheric Conditions,1,Clear,0,No,0000000,Not Applicable,8,8:00am-8:59am,38,38,8,8:00am-8:59am,50,50,9,9:00am-9:59am,47,47,0,,0,,0,,1,0
41,Oregon,410323,2,2,0,0,2,2,0,43,LINN (43),0,NOT APPLICABLE,30,30,9,September,2016,6,Friday,11,11:00am-11:59am,6,6,0,This section IS NOT on the NHS,4,County Road,CR-GATES BRIDGE RD,,1,Rural,7,Local,2,County Highway Agency,5,5,44.75202222,44.75202222,-122.4084389,-122.40843889,0,No Special Jurisdiction,12,Motor Vehicle In-Transport,6,Angle,0,No,8,Driveway Access Related,1,Not an Intersection,0,,1,On Roadway,1,Daylight,1,Clear,0,No Additional Atmospheric Conditions,1,Clear,0,No,0000000,Not Applicable,99,Unknown,99,Unknown,99,Unknown EMS Scene Arrival Hour,99,Unknown EMS Scene Arrival Minutes,88,Not Applicable (Not Transported),88,Not Applicable (Not Transported),0,,0,,0,,1,1
41,Oregon,410324,1,1,0,0,1,1,0,5,CLACKAMAS (5),0,NOT APPLICABLE,7,7,4,April,2016,5,Thursday,20,8:00pm-8:59pm,47,47,0,This section IS NOT on the NHS,4,County Road,CR-SE BULL RUN RD,,1,Rural,5,Major Collector,2,County Highway Agency,16,16,45.43896667,45.43896667,-122.2277667,-122.22776667,0,No Special Jurisdiction,42,Tree (Standing Only),0,Not a Collision with Motor Vehicle In-Transport,0,No,1,Non-Junction,1,Not an Intersection,0,,4,On Roadside,2,Dark - Not Lighted,98,Not Reported,0,No Additional Atmospheric Conditions,98,Not Reported,0,No,0000000,Not Applicable,99,Unknown,99,Unknown,99,Unknown EMS Scene Arrival Hour,99,Unknown EMS Scene Arrival Minutes,99,Unknown,99,Unknown EMS Hospital Arrival Time,0,,0,,0,,1,0
41,Oregon,410325,2,2,0,0,2,2,0,39,LANE (39),0,NOT APPLICABLE,1,1,6,June,2016,4,Wednesday,0,0:00am-0:59am,3,3,1,This section IS ON the NHS,3,State Highway,SR-58 (ODOT 18),,1,Rural,3,Principal Arterial - Other,1,State Highway Agency,420,420,43.72791944,43.72791944,-122.3755472,-122.37554722,0,No Special Jurisdiction,12,Motor Vehicle In-Transport,2,Front-to-Front,0,No,1,Non-Junction,1,Not an Intersection,0,,1,On Roadway,2,Dark - Not Lighted,1,Clear,0,No Additional Atmospheric Conditions,1,Clear,0,No,0000000,Not Applicable,0,0:00am-0:59am,12,12,0,0:00am-0:59am,28,28,88,Not Applicable (Not Transported),88,Not Applicable (Not Transported),0,,0,,0,,1,0
41,Oregon,410326,1,1,0,0,2,2,0,39,LANE (39),660,EUGENE,5,5,6,June,2016,1,Sunday,1,1:00am-1:59am,15,15,0,This section IS NOT on the NHS,6,Local Street - Municipality,JEFFERSTON ST,W 27TH AVE,2,Urban,5,Major Collector,4,City or Municipal Highway Agency,0,,44.02904167,44.02904167,-123.1012861,-123.10128611,0,No Special Jurisdiction,33,Curb,0,Not a Collision with Motor Vehicle In-Transport,0,No,3,Intersection-Related,3,T-Intersection,0,,4,On Roadside,3,Dark - Lighted,1,Clear,0,No Additional Atmospheric Conditions,1,Clear,0,No,0000000,Not Applicable,1,1:00am-1:59am,15,15,1,1:00am-1:59am,25,25,99,Unknown,99,Unknown EMS Hospital Arrival Time,0,,0,,0,,2,1
41,Oregon,410327,1,1,0,0,1,1,0,21,GILLIAM (21),0,NOT APPLICABLE,15,15,6,June,2016,4,Wednesday,6,6:00am-6:59am,15,15,0,This section IS NOT on the NHS,3,State Highway,SR-206 (ODOT 300),,1,Rural,4,Minor Arterial,1,State Highway Agency,264,264,45.36571389,45.36571389,-120.3536944,-120.35369444,0,No Special Jurisdiction,1,Rollover/Overturn,0,Not a Collision with Motor Vehicle In-Transport,0,No,1,Non-Junction,1,Not an Intersection,0,,1,On Roadway,1,Daylight,98,Not Reported,0,No Additional Atmospheric Conditions,98,Not Reported,0,No,0000000,Not Applicable,6,6:00am-6:59am,19,19,6,6:00am-6:59am,53,53,88,Not Applicable (Not Transported),88,Not Applicable (Not Transported),0,,0,,0,,1,0
41,Oregon,410328,1,1,0,0,1,1,0,67,WASHINGTON (67),180,BEAVERTON,20,20,6,June,2016,2,Monday,11,11:00am-11:59am,45,45,0,This section IS NOT on the NHS,6,Local Street - Municipality,NW 158TH AVE,NW WATERHOUSE AVE,2,Urban,4,Minor Arterial,4,City or Municipal Highway Agency,0,,45.52841667,45.52841667,-122.8397417,-122.83974167,0,No Special Jurisdiction,30,Utility Pole/Light Support,0,Not a Collision with Motor Vehicle In-Transport,0,No,3,Intersection-Related,2,Four-Way Intersection,0,,4,On Roadside,1,Daylight,1,Clear,0,No Additional Atmospheric Conditions,1,Clear,0,No,0000000,Not Applicable,99,Unknown,99,Unknown,99,Unknown EMS Scene Arrival Hour,99,Unknown EMS Scene Arrival Minutes,88,Not Applicable (Not Transported),88,Not Applicable (Not Transported),0,,0,,0,,1,0
41,Oregon,410329,3,3,0,0,7,7,0,17,DESCHUTES (17),0,NOT APPLICABLE,11,11,9,September,2016,1,Sunday,9,9:00am-9:59am,30,30,1,This section IS ON the NHS,2,U.S. Highway,US-20 (ODOT 17),,1,Rural,3,Principal Arterial - Other,1,State Highway Agency,125,125,44.16200278,44.16200278,-121.3617306,-121.36173056,0,No Special Jurisdiction,12,Motor Vehicle In-Transport,6,Angle,0,No,1,Non-Junction,1,Not an Intersection,0,,1,On Roadway,1,Daylight,1,Clear,0,No Additional Atmospheric Conditions,1,Clear,0,No,0000000,Not Applicable,9,9:00am-9:59am,30,30,9,9:00am-9:59am,40,40,99,Unknown,99,Unknown EMS Hospital Arrival Time,0,,0,,0,,1,1
41,Oregon,410330,1,1,0,0,3,3,0,35,KLAMATH (35),0,NOT APPLICABLE,27,27,9,September,2016,3,Tuesday,13,1:00pm-1:59pm,32,32,1,This section IS ON the NHS,3,State Highway,SR-140 (ODOT 20),,1,Rural,3,Principal Arterial - Other,1,State Highway Agency,328,328,42.37141111,42.37141111,-121.3821639,-121.38216389,0,No Special Jurisdiction,1,Rollover/Overturn,0,Not a Collision with Motor Vehicle In-Transport,0,No,1,Non-Junction,1,Not an Intersection,0,,1,On Roadway,1,Daylight,1,Clear,0,No Additional Atmospheric Conditions,1,Clear,0,No,0000000,Not Applicable,13,1:00pm-1:59pm,32,32,13,1:00pm-1:59pm,40,40,88,Not Applicable (Not Transported),88,Not Applicable (Not Transported),0,,0,,0,,1,0
41,Oregon,410331,1,1,0,0,2,2,0,39,LANE (39),0,NOT APPLICABLE,28,28,9,September,2016,4,Wednesday,3,3:00am-3:59am,8,8,1,This section IS ON the NHS,3,State Highway,SR-126 (ODOT 15),,1,Rural,3,Principal Arterial - Other,1,State Highway Agency,194,194,44.10381944,44.10381944,-122.6864917,-122.68649167,0,No Special Jurisdiction,1,Rollover/Overturn,0,Not a Collision with Motor Vehicle In-Transport,0,No,1,Non-Junction,1,Not an Intersection,0,,4,On Roadside,2,Dark - Not Lighted,1,Clear,0,No Additional Atmospheric Conditions,1,Clear,0,No,0000000,Not Applicable,3,3:00am-3:59am,10,10,3,3:00am-3:59am,16,16,99,Unknown,99,Unknown EMS Hospital Arrival Time,0,,0,,0,,1,0
41,Oregon,410332,1,1,0,0,1,1,0,39,LANE (39),0,NOT APPLICABLE,29,29,9,September,2016,5,Thursday,2,2:00am-2:59am,23,23,0,This section IS NOT on the NHS,4,County Road,CR-LONDON RD,,1,Rural,5,Major Collector,2,County Highway Agency,8,8,43.75141944,43.75141944,-123.0663139,-123.06631389,0,No Special Jurisdiction,1,Rollover/Overturn,0,Not a Collision with Motor Vehicle In-Transport,0,No,1,Non-Junction,1,Not an Intersection,0,,4,On Roadside,2,Dark - Not Lighted,1,Clear,0,No Additional Atmospheric Conditions,1,Clear,0,No,0000000,Not Applicable,2,2:00am-2:59am,46,46,2,2:00am-2:59am,59,59,88,Not Applicable (Not Transported),88,Not Applicable (Not Transported),0,,0,,0,,1,1
41,Oregon,410333,2,2,0,0,4,4,0,7,CLATSOP (7),0,NOT APPLICABLE,3,3,12,December,2016,7,Saturday,19,7:00pm-7:59pm,30,30,1,This section IS ON the NHS,2,U.S. Highway,US-26 (ODOT 47),,1,Rural,3,Principal Arterial - Other,1,State Highway Agency,142,142,45.8978,45.8978,-123.6791083,-123.67910833,0,No Special Jurisdiction,12,Motor Vehicle In-Transport,6,Angle,0,No,1,Non-Junction,1,Not an Intersection,0,,1,On Roadway,2,Dark - Not Lighted,2,Rain,0,No Additional Atmospheric Conditions,2,Rain,0,No,0000000,Not Applicable,19,7:00pm-7:59pm,30,30,19,7:00pm-7:59pm,42,42,99,Unknown,99,Unknown EMS Hospital Arrival Time,0,,0,,0,,2,0
41,Oregon,410334,1,1,0,1,1,1,1,29,JACKSON (29),1310,MEDFORD,5,5,12,December,2016,2,Monday,19,7:00pm-7:59pm,4,4,1,This section IS ON the NHS,3,State Highway,SR-62 (ODOT 22),,2,Urban,3,Principal Arterial - Other,1,State Highway Agency,6,6,42.35253611,42.35253611,-122.8729778,-122.87297778,0,No Special Jurisdiction,8,Pedestrian,0,Not a Collision with Motor Vehicle In-Transport,0,No,1,Non-Junction,1,Not an Intersection,0,,1,On Roadway,3,Dark - Lighted,10,Cloudy,0,No Additional Atmospheric Conditions,10,Cloudy,0,No,0000000,Not Applicable,19,7:00pm-7:59pm,4,4,19,7:00pm-7:59pm,10,10,88,Not Applicable (Not Transported),88,Not Applicable (Not Transported),0,,0,,0,,1,0
41,Oregon,410335,1,1,0,0,1,1,0,35,KLAMATH (35),0,NOT APPLICABLE,6,6,12,December,2016,3,Tuesday,4,4:00am-4:59am,15,15,1,This section IS ON the NHS,3,State Highway,SR-140 (ODOT 20),,1,Rural,3,Principal Arterial - Other,1,State Highway Agency,287,287,42.30439444,42.30439444,-121.4195361,-121.41953611,0,No Special Jurisdiction,1,Rollover/Overturn,0,Not a Collision with Motor Vehicle In-Transport,0,No,1,Non-Junction,1,Not an Intersection,0,,4,On Roadside,2,Dark - Not Lighted,4,Snow,0,No Additional Atmospheric Conditions,4,Snow,0,No,0000000,Not Applicable,4,4:00am-4:59am,17,17,4,4:00am-4:59am,25,25,88,Not Applicable (Not Transported),88,Not Applicable (Not Transported),0,,0,,0,,1,0
41,Oregon,410336,2,2,0,0,2,2,0,29,JACKSON (29),1310,MEDFORD,7,7,8,August,2016,1,Sunday,0,0:00am-0:59am,17,17,0,This section IS NOT on the NHS,6,Local Street - Municipality,VILAS RD,TABLE ROCK RD,2,Urban,4,Minor Arterial,4,City or Municipal Highway Agency,0,,42.38933056,42.38933056,-122.8853139,-122.88531389,0,No Special Jurisdiction,12,Motor Vehicle In-Transport,6,Angle,0,No,2,Intersection,2,Four-Way Intersection,0,,1,On Roadway,6,Dark - Unknown Lighting,1,Clear,0,No Additional Atmospheric Conditions,1,Clear,0,No,0000000,Not Applicable,0,0:00am-0:59am,17,17,0,0:00am-0:59am,25,25,99,Unknown,99,Unknown EMS Hospital Arrival Time,20,Police Pursuit Involved,0,,0,,1,0
41,Oregon,410337,1,1,0,0,2,2,0,19,DOUGLAS (19),0,NOT APPLICABLE,29,29,9,September,2016,5,Thursday,11,11:00am-11:59am,0,0,1,This section IS ON the NHS,2,U.S. Highway,US-101 (ODOT 9),,1,Rural,3,Principal Arterial - Other,1,State Highway Agency,2062,2062,43.77152778,43.77152778,-124.1428194,-124.14281944,0,No Special Jurisdiction,24,Guardrail Face,0,Not a Collision with Motor Vehicle In-Transport,0,No,1,Non-Junction,1,Not an Intersection,0,,4,On Roadside,1,Daylight,1,Clear,0,No Additional Atmospheric Conditions,1,Clear,0,No,0000000,Not Applicable,11,11:00am-11:59am,17,17,11,11:00am-11:59am,28,28,99,Unknown,99,Unknown EMS Hospital Arrival Time,0,,0,,0,,1,0
41,Oregon,410338,2,2,0,0,2,2,0,13,CROOK (13),1700,PRINEVILLE,21,21,11,November,2016,2,Monday,17,5:00pm-5:59pm,13,13,1,This section IS ON the NHS,3,State Highway,SR-126 (ODOT 41),,2,Urban,3,Principal Arterial - Other,1,State Highway Agency,179,179,44.30162778,44.30162778,-120.8621639,-120.86216389,0,No Special Jurisdiction,12,Motor Vehicle In-Transport,6,Angle,0,No,1,Non-Junction,1,Not an Intersection,0,,1,On Roadway,2,Dark - Not Lighted,10,Cloudy,0,No Additional Atmospheric Conditions,10,Cloudy,0,No,0000000,Not Applicable,17,5:00pm-5:59pm,15,15,17,5:00pm-5:59pm,19,19,88,Not Applicable (Not Transported),88,Not Applicable (Not Transported),0,,0,,0,,1,0
41,Oregon,410339,1,1,0,1,1,1,1,51,MULTNOMAH (51),880,GRESHAM,28,28,11,November,2016,2,Monday,2,2:00am-2:59am,52,52,0,This section IS NOT on the NHS,6,Local Street - Municipality,E POWELL BLVD,,2,Urban,4,Minor Arterial,4,City or Municipal Highway Agency,0,,45.49803611,45.49803611,-122.4268722,-122.42687222,0,No Special Jurisdiction,8,Pedestrian,0,Not a Collision with Motor Vehicle In-Transport,0,No,1,Non-Junction,1,Not an Intersection,0,,1,On Roadway,2,Dark - Not Lighted,2,Rain,0,No Additional Atmospheric Conditions,2,Rain,0,No,0000000,Not Applicable,99,Unknown,99,Unknown,99,Unknown EMS Scene Arrival Hour,99,Unknown EMS Scene Arrival Minutes,99,Unknown,99,Unknown EMS Hospital Arrival Time,0,,0,,0,,1,0
41,Oregon,410340,2,2,0,0,2,2,0,39,LANE (39),660,EUGENE,5,5,12,December,2016,2,Monday,10,10:00am-10:59am,10,10,0,This section IS NOT on the NHS,6,Local Street - Municipality,W 1ST AVE,MADISON ST,2,Urban,5,Major Collector,4,City or Municipal Highway Agency,0,,44.05873889,44.05873889,-123.1033389,-123.10333889,0,No Special Jurisdiction,12,Motor Vehicle In-Transport,6,Angle,0,No,2,Intersection,2,Four-Way Intersection,0,,1,On Roadway,1,Daylight,1,Clear,0,No Additional Atmospheric Conditions,1,Clear,0,No,0000000,Not Applicable,10,10:00am-10:59am,9,9,10,10:00am-10:59am,16,16,99,Unknown,99,Unknown EMS Hospital Arrival Time,0,,0,,0,,1,0
41,Oregon,410341,1,1,0,0,1,1,0,23,GRANT (23),0,NOT APPLICABLE,6,6,12,December,2016,3,Tuesday,9,9:00am-9:59am,40,40,1,This section IS ON the NHS,2,U.S. Highway,US-395B (ODOT 28),,1,Rural,3,Principal Arterial - Other,1,State Highway Agency,799,799,44.84917222,44.84917222,-119.0721806,-119.07218056,0,No Special Jurisdiction,42,Tree (Standing Only),0,Not a Collision with Motor Vehicle In-Transport,0,No,1,Non-Junction,1,Not an Intersection,0,,4,On Roadside,1,Daylight,4,Snow,0,No Additional Atmospheric Conditions,4,Snow,0,No,0000000,Not Applicable,9,9:00am-9:59am,50,50,10,10:00am-10:59am,19,19,88,Not Applicable (Not Transported),88,Not Applicable (Not Transported),0,,0,,0,,1,0
41,Oregon,410342,1,1,0,0,1,1,0,29,JACKSON (29),0,NOT APPLICABLE,7,7,12,December,2016,4,Wednesday,6,6:00am-6:59am,1,1,0,This section IS NOT on the NHS,3,State Highway,SR-62 (ODOT 22),,1,Rural,4,Minor Arterial,1,State Highway Agency,152,152,42.54624444,42.54624444,-122.8102139,-122.81021389,0,No Special Jurisdiction,38,Fence,0,Not a Collision with Motor Vehicle In-Transport,0,No,1,Non-Junction,1,Not an Intersection,0,,5,Outside Trafficway,2,Dark - Not Lighted,10,Cloudy,0,No Additional Atmospheric Conditions,10,Cloudy,0,No,0000000,Not Applicable,6,6:00am-6:59am,1,1,6,6:00am-6:59am,13,13,88,Not Applicable (Not Transported),88,Not Applicable (Not Transported),0,,0,,0,,1,0
41,Oregon,410343,1,1,0,1,1,1,1,51,MULTNOMAH (51),1650,PORTLAND,7,7,12,December,2016,4,Wednesday,18,6:00pm-6:59pm,55,55,1,This section IS ON the NHS,6,Local Street - Municipality,SE DIVISION ST,,2,Urban,3,Principal Arterial - Other,4,City or Municipal Highway Agency,0,,45.50435,45.50435,-122.5036306,-122.50363056,0,No Special Jurisdiction,8,Pedestrian,0,Not a Collision with Motor Vehicle In-Transport,0,No,1,Non-Junction,1,Not an Intersection,0,,1,On Roadway,3,Dark - Lighted,10,Cloudy,0,No Additional Atmospheric Conditions,10,Cloudy,0,No,0000000,Not Applicable,18,6:00pm-6:59pm,55,55,18,6:00pm-6:59pm,59,59,88,Not Applicable (Not Transported),88,Not Applicable (Not Transported),0,,0,,0,,1,0
41,Oregon,410344,1,1,0,1,2,2,1,51,MULTNOMAH (51),1650,PORTLAND,7,7,12,December,2016,4,Wednesday,21,9:00pm-9:59pm,2,2,0,This section IS NOT on the NHS,6,Local Street - Municipality,SE DIVISION ST,SE 87TH AVE,2,Urban,5,Major Collector,4,City or Municipal Highway Agency,0,,45.50457222,45.50457222,-122.5742528,-122.57425278,0,No Special Jurisdiction,8,Pedestrian,0,Not a Collision with Motor Vehicle In-Transport,0,No,3,Intersection-Related,3,T-Intersection,0,,1,On Roadway,3,Dark - Lighted,1,Clear,0,No Additional Atmospheric Conditions,1,Clear,0,No,0000000,Not Applicable,99,Unknown,99,Unknown,99,Unknown EMS Scene Arrival Hour,99,Unknown EMS Scene Arrival Minutes,88,Not Applicable (Not Transported),88,Not Applicable (Not Transported),0,,0,,0,,1,0
41,Oregon,410345,2,2,0,0,2,2,0,3,BENTON (3),0,NOT APPLICABLE,8,8,12,December,2016,5,Thursday,8,8:00am-8:59am,15,15,1,This section IS ON the NHS,3,State Highway,SR-99W (ODOT 91),,2,Urban,3,Principal Arterial - Other,1,State Highway Agency,766,766,44.66007222,44.66007222,-123.2213944,-123.22139444,0,No Special Jurisdiction,12,Motor Vehicle In-Transport,6,Angle,0,No,1,Non-Junction,1,Not an Intersection,0,,1,On Roadway,1,Daylight,3,Sleet or Hail,0,No Additional Atmospheric Conditions,3,Sleet or Hail,0,No,0000000,Not Applicable,8,8:00am-8:59am,17,17,8,8:00am-8:59am,28,28,88,Not Applicable (Not Transported),88,Not Applicable (Not Transported),0,,0,,0,,1,0
41,Oregon,410346,1,1,0,1,1,1,1,35,KLAMATH (35),0,NOT APPLICABLE,10,10,12,December,2016,7,Saturday,17,5:00pm-5:59pm,23,23,1,This section IS ON the NHS,3,State Highway,SR-39 (ODOT 50),ROBERTA DR,1,Rural,3,Principal Arterial - Other,1,State Highway Agency,40,40,42.13762778,42.13762778,-121.6983361,-121.69833611,0,No Special Jurisdiction,8,Pedestrian,0,Not a Collision with Motor Vehicle In-Transport,0,No,3,Intersection-Related,3,T-Intersection,0,,1,On Roadway,2,Dark - Not Lighted,10,Cloudy,0,No Additional Atmospheric Conditions,10,Cloudy,0,No,0000000,Not Applicable,17,5:00pm-5:59pm,23,23,17,5:00pm-5:59pm,26,26,99,Unknown,99,Unknown EMS Hospital Arrival Time,0,,0,,0,,1,0
41,Oregon,410347,1,1,0,0,1,1,0,51,MULTNOMAH (51),1650,PORTLAND,10,10,12,December,2016,7,Saturday,2,2:00am-2:59am,27,27,1,This section IS ON the NHS,6,Local Street - Municipality,NE COLUMBIA BLVD,,2,Urban,3,Principal Arterial - Other,4,City or Municipal Highway Agency,0,,45.56585,45.56585,-122.5843917,-122.58439167,0,No Special Jurisdiction,33,Curb,0,Not a Collision with Motor Vehicle In-Transport,0,No,1,Non-Junction,1,Not an Intersection,0,,4,On Roadside,2,Dark - Not Lighted,4,Snow,0,No Additional Atmospheric Conditions,4,Snow,0,No,0000000,Not Applicable,2,2:00am-2:59am,27,27,2,2:00am-2:59am,32,32,88,Not Applicable (Not Transported),88,Not Applicable (Not Transported),0,,0,,0,,1,1
41,Oregon,410348,1,1,0,0,1,1,0,19,DOUGLAS (19),0,NOT APPLICABLE,16,16,11,November,2016,4,Wednesday,99,Unknown Hours,99,Unknown Minutes,0,This section IS NOT on the NHS,8,Other,BURMA RD BLM 32-4-20.1,,1,Rural,7,Local,68,Bureau of Land Management,50,50,77.7777,Not Reported,777.7777,Not Reported,0,No Special Jurisdiction,42,Tree (Standing Only),0,Not a Collision with Motor Vehicle In-Transport,0,No,1,Non-Junction,1,Not an Intersection,0,,4,On Roadside,2,Dark - Not Lighted,10,Cloudy,0,No Additional Atmospheric Conditions,10,Cloudy,0,No,0000000,Not Applicable,88,Not Applicable (Not Notified),88,Not Applicable (Not Notified),88,Not Applicable,88,Not Applicable,88,Not Applicable (Not Transported),88,Not Applicable (Not Transported),0,,0,,0,,1,0
41,Oregon,410349,1,1,0,0,1,1,0,19,DOUGLAS (19),0,NOT APPLICABLE,12,12,12,December,2016,2,Monday,13,1:00pm-1:59pm,15,15,1,This section IS ON the NHS,1,Interstate,I-5,,1,Rural,1,Interstate,1,State Highway Agency,805,805,42.73855833,42.73855833,-123.3697639,-123.36976389,0,No Special Jurisdiction,42,Tree (Standing Only),0,Not a Collision with Motor Vehicle In-Transport,0,No,1,Non-Junction,1,Not an Intersection,0,,4,On Roadside,1,Daylight,10,Cloudy,0,No Additional Atmospheric Conditions,10,Cloudy,0,No,0000000,Not Applicable,13,1:00pm-1:59pm,17,17,13,1:00pm-1:59pm,22,22,88,Not Applicable (Not Transported),88,Not Applicable (Not Transported),0,,0,,0,,1,0