STATE,STATENAME,ST_CASE,VE_TOTAL,VE_FORMS,PVH_INVL,PEDS,PERSONS,PERMVIT,PERNOTMVIT,COUNTY,COUNTYNAME,CITY,CITYNAME,DAY,DAYNAME,MONTH,MONTHNAME,YEAR,DAY_WEEK,DAY_WEEKNAME,HOUR,HOURNAME,MINUTE,MINUTENAME,NHS,NHSNAME,ROUTE,ROUTENAME,TWAY_ID,TWAY_ID2,RUR_URB,RUR_URBNAME,FUNC_SYS,FUNC_SYSNAME,RD_OWNER,RD_OWNERNAME,MILEPT,MILEPTNAME,LATITUDE,LATITUDENAME,LONGITUD,LONGITUDNAME,SP_JUR,SP_JURNAME,HARM_EV,HARM_EVNAME,MAN_COLL,MAN_COLLNAME,RELJCT1,RELJCT1NAME,RELJCT2,RELJCT2NAME,TYP_INT,TYP_INTNAME,WRK_ZONE,WRK_ZONENAME,REL_ROAD,REL_ROADNAME,LGT_COND,LGT_CONDNAME,WEATHER1,WEATHER1NAME,WEATHER2,WEATHER2NAME,WEATHER,WEATHERNAME,SCH_BUS,SCH_BUSNAME,RAIL,RAILNAME,NOT_HOUR,NOT_HOURNAME,NOT_MIN,NOT_MINNAME,ARR_HOUR,ARR_HOURNAME,ARR_MIN,ARR_MINNAME,HOSP_HR,HOSP_HRNAME,HOSP_MN,HOSP_MNNAME,CF1,CF1NAME,CF2,CF2NAME,CF3,CF3NAME,FATALS,DRUNK_DR
41,Oregon,410350,1,1,0,0,1,1,0,39,LANE (39),0,NOT APPLICABLE,1,1,10,October,2016,7,Saturday,22,10:00pm-10:59pm,39,39,1,This section IS ON the NHS,3,State Highway,SR-58 (ODOT 18),,1,Rural,3,Principal Arterial - Other,1,State Highway Agency,203,203,43.85698889,43.85698889,-122.6729,-122.6729,0,No Special Jurisdiction,1,Rollover/Overturn,0,Not a Collision with Motor Vehicle In-Transport,0,No,1,Non-Junction,1,Not an Intersection,1,Construction,4,On Roadside,2,Dark - Not Lighted,10,Cloudy,0,No Additional Atmospheric Conditions,10,Cloudy,0,No,0000000,Not Applicable,10,10:00am-10:59am,39,39,10,10:00am-10:59am,49,49,88,Not Applicable (Not Transported),88,Not Applicable (Not Transported),0,,0,,0,,1,0
41,Oregon,410351,2,2,0,0,2,2,0,35,KLAMATH (35),0,NOT APPLICABLE,12,12,12,December,2016,2,Monday,13,1:00pm-1:59pm,15,15,0,This section IS NOT on the NHS,3,State Highway,SR-31 (ODOT 19),CR-SUN FOREST DR,1,Rural,4,Minor Arterial,1,State Highway Agency,82,82,43.53578333,43.53578333,-121.4637972,-121.46379722,0,No Special Jurisdiction,12,Motor Vehicle In-Transport,2,Front-to-Front,0,No,1,Non-Junction,1,Not an Intersection,0,,1,On Roadway,1,Daylight,1,Clear,0,No Additional Atmospheric Conditions,1,Clear,0,No,0000000,Not Applicable,13,1:00pm-1:59pm,22,22,13,1:00pm-1:59pm,45,45,99,Unknown,99,Unknown EMS Hospital Arrival Time,0,,0,,0,,1,0
41,Oregon,410352,1,1,0,1,1,1,1,51,MULTNOMAH (51),880,GRESHAM,5,5,10,October,2016,4,Wednesday,20,8:00pm-8:59pm,5,5,1,This section IS ON the NHS,6,Local Street - Municipality,NE HOGAN DR,,2,Urban,3,Principal Arterial - Other,4,City or Municipal Highway Agency,0,,45.515675,45.515675,-122.4124833,-122.41248333,0,No Special Jurisdiction,8,Pedestrian,0,Not a Collision with Motor Vehicle In-Transport,0,No,1,Non-Junction,1,Not an Intersection,0,,1,On Roadway,3,Dark - Lighted,2,Rain,0,No Additional Atmospheric Conditions,2,Rain,0,No,0000000,Not Applicable,88,Not Applicable (Not Notified),88,Not Applicable (Not Notified),88,Not Applicable,88,Not Applicable,88,Not Applicable (Not Transported),88,Not Applicable (Not Transported),0,,0,,0,,1,0
41,Oregon,410353,4,4,0,0,5,5,0,67,WASHINGTON (67),180,BEAVERTON,17,17,12,December,2016,7,Saturday,1,1:00am-1:59am,4,4,1,This section IS ON the NHS,2,U.S. Highway,US-26 (ODOT 47),,2,Urban,2,Principal Arterial - Other Freeways and Expressways,1,State Highway Agency,663,663,45.53058889,45.53058889,-122.8373028,-122.83730278,0,No Special Jurisdiction,12,Motor Vehicle In-Transport,6,Angle,1,Yes,18,Through Roadway,1,Not an Intersection,0,,1,On Roadway,3,Dark - Lighted,1,Clear,0,No Additional Atmospheric Conditions,1,Clear,0,No,0000000,Not Applicable,1,1:00am-1:59am,6,6,1,1:00am-1:59am,9,9,99,Unknown,99,Unknown EMS Hospital Arrival Time,14,"Motor Vehicle struck by falling cargo,or something that came loose from or something that was set in motion by a vehicle",0,,0,,1,1
41,Oregon,410354,2,2,0,0,5,5,0,47,MARION (47),2260,WOODBURN,17,17,12,December,2016,7,Saturday,11,11:00am-11:59am,30,30,1,This section IS ON the NHS,1,Interstate,I-5,I-5 RAMP,2,Urban,1,Interstate,1,State Highway Agency,2716,2716,45.15113611,45.15113611,-122.8808639,-122.88086389,0,No Special Jurisdiction,12,Motor Vehicle In-Transport,6,Angle,1,Yes,3,Intersection-Related,3,T-Intersection,0,,1,On Roadway,1,Daylight,10,Cloudy,0,No Additional Atmospheric Conditions,10,Cloudy,0,No,0000000,Not Applicable,11,11:00am-11:59am,38,38,11,11:00am-11:59am,42,42,99,Unknown,99,Unknown EMS Hospital Arrival Time,0,,0,,0,,2,0
41,Oregon,410355,3,3,0,0,3,3,0,17,DESCHUTES (17),0,NOT APPLICABLE,20,20,12,December,2016,3,Tuesday,18,6:00pm-6:59pm,30,30,1,This section IS ON the NHS,2,U.S. Highway,US-97 (ODOT 4),,1,Rural,3,Principal Arterial - Other,1,State Highway Agency,1267,1267,44.20472222,44.20472222,-121.2257278,-121.22572778,0,No Special Jurisdiction,12,Motor Vehicle In-Transport,6,Angle,0,No,1,Non-Junction,1,Not an Intersection,0,,1,On Roadway,2,Dark - Not Lighted,10,Cloudy,0,No Additional Atmospheric Conditions,10,Cloudy,0,No,0000000,Not Applicable,18,6:00pm-6:59pm,31,31,18,6:00pm-6:59pm,39,39,99,Unknown,99,Unknown EMS Hospital Arrival Time,0,,0,,0,,1,0
41,Oregon,410356,2,2,0,0,2,2,0,47,MARION (47),0,NOT APPLICABLE,22,22,12,December,2016,5,Thursday,6,6:00am-6:59am,32,32,0,This section IS NOT on the NHS,3,State Highway,SR-214 (ODOT 163),,1,Rural,5,Major Collector,1,State Highway Agency,191,191,44.87250833,44.87250833,-122.7286444,-122.72864444,0,No Special Jurisdiction,12,Motor Vehicle In-Transport,6,Angle,0,No,1,Non-Junction,1,Not an Intersection,0,,1,On Roadway,2,Dark - Not Lighted,10,Cloudy,0,No Additional Atmospheric Conditions,10,Cloudy,0,No,0000000,Not Applicable,6,6:00am-6:59am,32,32,6,6:00am-6:59am,41,41,88,Not Applicable (Not Transported),88,Not Applicable (Not Transported),0,,0,,0,,1,0
41,Oregon,410357,1,1,0,1,3,3,1,67,WASHINGTON (67),180,BEAVERTON,22,22,12,December,2016,5,Thursday,17,5:00pm-5:59pm,17,17,0,This section IS NOT on the NHS,6,Local Street - Municipality,SW ALLEN BLVD,,2,Urban,4,Minor Arterial,4,City or Municipal Highway Agency,0,,45.47648056,45.47648056,-122.8194833,-122.81948333,0,No Special Jurisdiction,8,Pedestrian,0,Not a Collision with Motor Vehicle In-Transport,0,No,1,Non-Junction,1,Not an Intersection,0,,1,On Roadway,6,Dark - Unknown Lighting,98,Not Reported,0,No Additional Atmospheric Conditions,98,Not Reported,0,No,0000000,Not Applicable,17,5:00pm-5:59pm,17,17,17,5:00pm-5:59pm,20,20,17,5:00pm-5:59pm,51,51,0,,0,,0,,1,0
41,Oregon,410358,1,1,0,0,2,2,0,39,LANE (39),660,EUGENE,22,22,12,December,2016,5,Thursday,21,9:00pm-9:59pm,36,36,1,This section IS ON the NHS,6,Local Street - Municipality,MILL ST,,2,Urban,3,Principal Arterial - Other,4,City or Municipal Highway Agency,0,,44.051025,44.051025,-123.0863389,-123.08633889,0,No Special Jurisdiction,39,Wall,0,Not a Collision with Motor Vehicle In-Transport,0,No,1,Non-Junction,1,Not an Intersection,0,,4,On Roadside,3,Dark - Lighted,98,Not Reported,0,No Additional Atmospheric Conditions,98,Not Reported,0,No,0000000,Not Applicable,21,9:00pm-9:59pm,36,36,21,9:00pm-9:59pm,41,41,88,Not Applicable (Not Transported),88,Not Applicable (Not Transported),0,,0,,0,,1,1
41,Oregon,410359,2,2,0,0,2,2,0,17,DESCHUTES (17),0,NOT APPLICABLE,23,23,12,December,2016,6,Friday,16,4:00pm-4:59pm,58,58,1,This section IS ON the NHS,2,U.S. Highway,US-97 (ODOT 4),,1,Rural,3,Principal Arterial - Other,1,State Highway Agency,1557,1557,43.834925,43.834925,-121.4233972,-121.42339722,0,No Special Jurisdiction,12,Motor Vehicle In-Transport,6,Angle,0,No,1,Non-Junction,1,Not an Intersection,0,,1,On Roadway,2,Dark - Not Lighted,4,Snow,0,No Additional Atmospheric Conditions,4,Snow,0,No,0000000,Not Applicable,16,4:00pm-4:59pm,58,58,17,5:00pm-5:59pm,10,10,88,Not Applicable (Not Transported),88,Not Applicable (Not Transported),0,,0,,0,,1,0
41,Oregon,410360,2,2,0,2,1,1,2,7,CLATSOP (7),0,NOT APPLICABLE,24,24,12,December,2016,7,Saturday,10,10:00am-10:59am,9,9,1,This section IS ON the NHS,2,U.S. Highway,US-30 (ODOT 92),,1,Rural,3,Principal Arterial - Other,1,State Highway Agency,812,812,46.17516389,46.17516389,-123.5376833,-123.53768333,0,No Special Jurisdiction,8,Pedestrian,0,Not a Collision with Motor Vehicle In-Transport,0,No,1,Non-Junction,1,Not an Intersection,0,,1,On Roadway,1,Daylight,10,Cloudy,0,No Additional Atmospheric Conditions,10,Cloudy,0,No,0000000,Not Applicable,10,10:00am-10:59am,9,9,10,10:00am-10:59am,14,14,99,Unknown,99,Unknown EMS Hospital Arrival Time,19,Recent/Previous Crash scene Nearby,0,,0,,1,0
41,Oregon,410361,2,2,0,0,5,5,0,51,MULTNOMAH (51),1650,PORTLAND,24,24,12,December,2016,7,Saturday,14,2:00pm-2:59pm,14,14,1,This section IS ON the NHS,6,Local Street - Municipality,NE MARTIN LUTHER KING JR BLVD,,2,Urban,3,Principal Arterial - Other,4,City or Municipal Highway Agency,0,,45.55922222,45.55922222,-122.6614806,-122.66148056,0,No Special Jurisdiction,12,Motor Vehicle In-Transport,1,Front-to-Rear,0,No,1,Non-Junction,1,Not an Intersection,0,,1,On Roadway,1,Daylight,98,Not Reported,0,No Additional Atmospheric Conditions,98,Not Reported,0,No,0000000,Not Applicable,99,Unknown,99,Unknown,99,Unknown EMS Scene Arrival Hour,99,Unknown EMS Scene Arrival Minutes,99,Unknown,99,Unknown EMS Hospital Arrival Time,0,,0,,0,,1,0
41,Oregon,410362,1,1,0,0,2,2,0,17,DESCHUTES (17),0,NOT APPLICABLE,6,6,10,October,2016,5,Thursday,0,0:00am-0:59am,9,9,1,This section IS ON the NHS,2,U.S. Highway,US-97 (ODOT 7),,1,Rural,3,Principal Arterial - Other,1,State Highway Agency,682,682,43.6212,43.6212,-120.1766,-120.1766,0,No Special Jurisdiction,1,Rollover/Overturn,0,Not a Collision with Motor Vehicle In-Transport,0,No,1,Non-Junction,1,Not an Intersection,0,,4,On Roadside,2,Dark - Not Lighted,1,Clear,0,No Additional Atmospheric Conditions,1,Clear,0,No,0000000,Not Applicable,0,0:00am-0:59am,9,9,1,1:00am-1:59am,20,20,99,Unknown,99,Unknown EMS Hospital Arrival Time,0,,0,,0,,1,0
41,Oregon,410363,1,1,0,0,1,1,0,9,COLUMBIA (9),0,NOT APPLICABLE,9,9,10,October,2016,1,Sunday,20,8:00pm-8:59pm,37,37,0,This section IS NOT on the NHS,4,County Road,CR-CEDAR GROVE RD,,1,Rural,6,Minor Collector,2,County Highway Agency,9,9,46.07135556,46.07135556,-123.0943694,-123.09436944,0,No Special Jurisdiction,42,Tree (Standing Only),0,Not a Collision with Motor Vehicle In-Transport,0,No,1,Non-Junction,1,Not an Intersection,0,,4,On Roadside,9,Unknown,98,Not Reported,0,No Additional Atmospheric Conditions,98,Not Reported,0,No,0000000,Not Applicable,99,Unknown,99,Unknown,99,Unknown EMS Scene Arrival Hour,99,Unknown EMS Scene Arrival Minutes,88,Not Applicable (Not Transported),88,Not Applicable (Not Transported),0,,0,,0,,1,1
41,Oregon,410364,1,1,0,0,1,1,0,59,UMATILLA (59),0,NOT APPLICABLE,12,12,10,October,2016,4,Wednesday,17,5:00pm-5:59pm,30,30,0,This section IS NOT on the NHS,8,Other,CR-RIVER RD,,1,Rural,7,Local,50,Indian Tribe Nation,0,,45.67607778,45.67607778,-118.5789861,-118.57898611,3,Indian Reservation,10,Railway Vehicle,0,Not a Collision with Motor Vehicle In-Transport,0,No,6,Railway Grade Crossing,1,Not an Intersection,0,,1,On Roadway,2,Dark - Not Lighted,98,Not Reported,0,No Additional Atmospheric Conditions,98,Not Reported,0,No,809044P,809044P,99,Unknown,99,Unknown,99,Unknown EMS Scene Arrival Hour,99,Unknown EMS Scene Arrival Minutes,88,Not Applicable (Not Transported),88,Not Applicable (Not Transported),0,,0,,0,,1,0
41,Oregon,410365,2,2,0,0,2,2,0,49,MORROW (49),0,NOT APPLICABLE,24,24,10,October,2016,2,Monday,19,7:00pm-7:59pm,39,39,1,This section IS ON the NHS,1,Interstate,I-84,,1,Rural,1,Interstate,1,State Highway Agency,1666,1666,45.83790833,45.83790833,-119.6482167,-119.64821667,0,No Special Jurisdiction,12,Motor Vehicle In-Transport,2,Front-to-Front,0,No,1,Non-Junction,1,Not an Intersection,0,,1,On Roadway,2,Dark - Not Lighted,2,Rain,0,No Additional Atmospheric Conditions,2,Rain,0,No,0000000,Not Applicable,19,7:00pm-7:59pm,38,38,19,7:00pm-7:59pm,52,52,88,Not Applicable (Not Transported),88,Not Applicable (Not Transported),0,,0,,0,,2,0
41,Oregon,410366,1,1,0,0,3,3,0,31,JEFFERSON (31),0,NOT APPLICABLE,23,23,10,October,2016,1,Sunday,9,9:00am-9:59am,22,22,0,This section IS NOT on the NHS,2,U.S. Highway,US-26 (ODOT 360),,1,Rural,4,Minor Arterial,1,State Highway Agency,116,116,44.46236944,44.46236944,-121.0365472,-121.03654722,0,No Special Jurisdiction,1,Rollover/Overturn,0,Not a Collision with Motor Vehicle In-Transport,0,No,1,Non-Junction,1,Not an Intersection,0,,4,On Roadside,1,Daylight,10,Cloudy,0,No Additional Atmospheric Conditions,10,Cloudy,0,No,0000000,Not Applicable,9,9:00am-9:59am,25,25,9,9:00am-9:59am,37,37,99,Unknown,99,Unknown EMS Hospital Arrival Time,0,,0,,0,,1,0
41,Oregon,410367,1,1,0,1,1,1,1,29,JACKSON (29),1878,SHADY COVE,28,28,10,October,2016,6,Friday,19,7:00pm-7:59pm,8,8,0,This section IS NOT on the NHS,3,State Highway,SR-62 (ODOT 22),,1,Rural,4,Minor Arterial,1,State Highway Agency,209,209,42.62740833,42.62740833,-122.8071472,-122.80714722,0,No Special Jurisdiction,8,Pedestrian,0,Not a Collision with Motor Vehicle In-Transport,0,No,1,Non-Junction,1,Not an Intersection,0,,1,On Roadway,2,Dark - Not Lighted,98,Not Reported,0,No Additional Atmospheric Conditions,98,Not Reported,0,No,0000000,Not Applicable,19,7:00pm-7:59pm,8,8,19,7:00pm-7:59pm,25,25,88,Not Applicable (Not Transported),88,Not Applicable (Not Transported),0,,0,,0,,1,0
41,Oregon,410368,2,2,0,0,3,3,0,57,TILLAMOOK (57),2070,TILLAMOOK,5,5,10,October,2016,4,Wednesday,9,9:00am-9:59am,12,12,1,This section IS ON the NHS,2,U.S. Highway,US-101 (ODOT 9),WILSON RIVER LP,2,Urban,3,Principal Arterial - Other,1,State Highway Agency,646,646,45.47333889,45.47333889,-123.8442417,-123.84424167,0,No Special Jurisdiction,12,Motor Vehicle In-Transport,6,Angle,0,No,2,Intersection,2,Four-Way Intersection,0,,1,On Roadway,1,Daylight,2,Rain,0,No Additional Atmospheric Conditions,2,Rain,0,No,0000000,Not Applicable,99,Unknown,99,Unknown,99,Unknown EMS Scene Arrival Hour,99,Unknown EMS Scene Arrival Minutes,99,Unknown,99,Unknown EMS Hospital Arrival Time,0,,0,,0,,1,0
41,Oregon,410369,1,1,0,0,4,4,0,39,LANE (39),0,NOT APPLICABLE,11,11,10,October,2016,3,Tuesday,8,8:00am-8:59am,54,54,0,This section IS NOT on the NHS,4,County Road,CR-COTTAGE GROVE-LARANE HWY,,1,Rural,5,Major Collector,2,County Highway Agency,70,70,43.84040556,43.84040556,-123.16,-123.16,0,No Special Jurisdiction,1,Rollover/Overturn,0,Not a Collision with Motor Vehicle In-Transport,0,No,1,Non-Junction,1,Not an Intersection,0,,4,On Roadside,1,Daylight,10,Cloudy,0,No Additional Atmospheric Conditions,10,Cloudy,0,No,0000000,Not Applicable,8,8:00am-8:59am,42,42,8,8:00am-8:59am,59,59,9,9:00am-9:59am,53,53,0,,0,,0,,1,0
41,Oregon,410370,1,1,0,0,1,1,0,59,UMATILLA (59),0,NOT APPLICABLE,11,11,10,October,2016,3,Tuesday,16,4:00pm-4:59pm,27,27,0,This section IS NOT on the NHS,4,County Road,CR-TIGER CANYON RD,,1,Rural,7,Local,2,County Highway Agency,20,20,45.97956667,45.97956667,-118.04615,-118.04615,0,No Special Jurisdiction,35,Embankment,0,Not a Collision with Motor Vehicle In-Transport,0,No,1,Non-Junction,1,Not an Intersection,0,,4,On Roadside,1,Daylight,1,Clear,0,No Additional Atmospheric Conditions,1,Clear,0,No,0000000,Not Applicable,16,4:00pm-4:59pm,27,27,16,4:00pm-4:59pm,55,55,88,Not Applicable (Not Transported),88,Not Applicable (Not Transported),0,,0,,0,,1,1
41,Oregon,410371,2,2,0,0,3,3,0,11,COOS (11),0,NOT APPLICABLE,12,12,10,October,2016,4,Wednesday,16,4:00pm-4:59pm,42,42,1,This section IS ON the NHS,3,State Highway,SR-42 (ODOT 35),CR-KING CREEK RD,1,Rural,3,Principal Arterial - Other,1,State Highway Agency,292,292,43.03495278,43.03495278,-124.0291056,-124.02910556,0,No Special Jurisdiction,12,Motor Vehicle In-Transport,8,Sideswipe - Opposite Direction,0,No,3,Intersection-Related,3,T-Intersection,0,,1,On Roadway,1,Daylight,10,Cloudy,0,No Additional Atmospheric Conditions,10,Cloudy,0,No,0000000,Not Applicable,16,4:00pm-4:59pm,45,45,16,4:00pm-4:59pm,55,55,99,Unknown,99,Unknown EMS Hospital Arrival Time,0,,0,,0,,1,0
41,Oregon,410372,1,1,0,0,4,4,0,19,DOUGLAS (19),0,NOT APPLICABLE,12,12,10,October,2016,4,Wednesday,1,1:00am-1:59am,45,45,1,This section IS ON the NHS,1,Interstate,I-5,,1,Rural,1,Interstate,1,State Highway Agency,1175,1175,43.11063056,43.11063056,-123.3545722,-123.35457222,0,No Special Jurisdiction,24,Guardrail Face,0,Not a Collision with Motor Vehicle In-Transport,0,No,1,Non-Junction,1,Not an Intersection,0,,4,On Roadside,2,Dark - Not Lighted,1,Clear,0,No Additional Atmospheric Conditions,1,Clear,0,No,0000000,Not Applicable,1,1:00am-1:59am,57,57,2,2:00am-2:59am,8,8,2,2:00am-2:59am,46,46,0,,0,,0,,1,0
41,Oregon,410373,1,1,0,1,2,2,1,47,MARION (47),0,NOT APPLICABLE,13,13,10,October,2016,5,Thursday,6,6:00am-6:59am,18,18,0,This section IS NOT on the NHS,4,County Road,CR-SHAFF RD SE,,1,Rural,6,Minor Collector,2,County Highway Agency,17,17,44.80967222,44.80967222,-122.8370167,-122.83701667,0,No Special Jurisdiction,9,Pedalcyclist,0,Not a Collision with Motor Vehicle In-Transport,0,No,1,Non-Junction,1,Not an Intersection,0,,1,On Roadway,2,Dark - Not Lighted,2,Rain,5,"Fog, Smog, Smoke",2,Rain,0,No,0000000,Not Applicable,6,6:00am-6:59am,20,20,6,6:00am-6:59am,23,23,88,Not Applicable (Not Transported),88,Not Applicable (Not Transported),0,,0,,0,,1,0
41,Oregon,410374,2,2,0,0,4,4,0,51,MULTNOMAH (51),1650,PORTLAND,13,13,10,October,2016,5,Thursday,21,9:00pm-9:59pm,0,0,1,This section IS ON the NHS,6,Local Street - Municipality,SE 139TH AVE,SE DIVISION ST,2,Urban,3,Principal Arterial - Other,4,City or Municipal Highway Agency,0,,45.50407778,45.50407778,-122.5209389,-122.52093889,0,No Special Jurisdiction,12,Motor Vehicle In-Transport,6,Angle,0,No,2,Intersection,3,T-Intersection,0,,1,On Roadway,2,Dark - Not Lighted,10,Cloudy,2,Rain,2,Rain,0,No,0000000,Not Applicable,99,Unknown,99,Unknown,99,Unknown EMS Scene Arrival Hour,99,Unknown EMS Scene Arrival Minutes,99,Unknown,99,Unknown EMS Hospital Arrival Time,0,,0,,0,,1,0
41,Oregon,410375,1,1,0,0,1,1,0,51,MULTNOMAH (51),1650,PORTLAND,17,17,10,October,2016,2,Monday,0,0:00am-0:59am,35,35,0,This section IS NOT on the NHS,6,Local Street - Municipality,SE HOLGATE BLVD,,2,Urban,5,Major Collector,4,City or Municipal Highway Agency,0,,45.48968889,45.48968889,-122.5411806,-122.54118056,0,No Special Jurisdiction,42,Tree (Standing Only),0,Not a Collision with Motor Vehicle In-Transport,0,No,1,Non-Junction,1,Not an Intersection,0,,4,On Roadside,3,Dark - Lighted,10,Cloudy,2,Rain,2,Rain,0,No,0000000,Not Applicable,99,Unknown,99,Unknown,99,Unknown EMS Scene Arrival Hour,99,Unknown EMS Scene Arrival Minutes,88,Not Applicable (Not Transported),88,Not Applicable (Not Transported),0,,0,,0,,1,1
41,Oregon,410376,2,2,0,0,3,3,0,19,DOUGLAS (19),0,NOT APPLICABLE,17,17,10,October,2016,2,Monday,17,5:00pm-5:59pm,50,50,0,This section IS NOT on the NHS,4,County Road,CR-LOOKINGGLASS RD,,1,Rural,4,Minor Arterial,2,County Highway Agency,9,9,43.19409444,43.19409444,-123.4156944,-123.41569444,0,No Special Jurisdiction,12,Motor Vehicle In-Transport,8,Sideswipe - Opposite Direction,0,No,1,Non-Junction,1,Not an Intersection,0,,1,On Roadway,2,Dark - Not Lighted,2,Rain,0,No Additional Atmospheric Conditions,2,Rain,0,No,0000000,Not Applicable,99,Unknown,99,Unknown,99,Unknown EMS Scene Arrival Hour,99,Unknown EMS Scene Arrival Minutes,88,Not Applicable (Not Transported),88,Not Applicable (Not Transported),0,,0,,0,,1,0
41,Oregon,410377,1,1,0,0,5,5,0,67,WASHINGTON (67),0,NOT APPLICABLE,19,19,10,October,2016,4,Wednesday,13,1:00pm-1:59pm,53,53,0,This section IS NOT on the NHS,4,County Road,CR-CEDAR CANYON RD,,1,Rural,7,Local,2,County Highway Agency,0,,45.61818333,45.61818333,-123.134175,-123.134175,0,No Special Jurisdiction,59,Traffic Sign Support,0,Not a Collision with Motor Vehicle In-Transport,0,No,1,Non-Junction,1,Not an Intersection,0,,4,On Roadside,1,Daylight,10,Cloudy,0,No Additional Atmospheric Conditions,10,Cloudy,0,No,0000000,Not Applicable,13,1:00pm-1:59pm,55,55,14,2:00pm-2:59pm,6,6,99,Unknown,99,Unknown EMS Hospital Arrival Time,0,,0,,0,,1,1
41,Oregon,410378,1,1,0,0,2,2,0,13,CROOK (13),0,NOT APPLICABLE,20,20,10,October,2016,5,Thursday,22,10:00pm-10:59pm,42,42,0,This section IS NOT on the NHS,4,County Road,CR-DAVIS LOOP,,1,Rural,5,Major Collector,2,County Highway Agency,90,90,44.18865556,44.18865556,-120.7641944,-120.76419444,0,No Special Jurisdiction,42,Tree (Standing Only),0,Not a Collision with Motor Vehicle In-Transport,0,No,1,Non-Junction,1,Not an Intersection,0,,4,On Roadside,2,Dark - Not Lighted,1,Clear,0,No Additional Atmospheric Conditions,1,Clear,0,No,0000000,Not Applicable,22,10:00pm-10:59pm,46,46,23,11:00pm-11:59pm,5,5,88,Not Applicable (Not Transported),88,Not Applicable (Not Transported),0,,0,,0,,1,1
41,Oregon,410379,1,1,0,0,1,1,0,39,LANE (39),350,COBURG,21,21,10,October,2016,6,Friday,22,10:00pm-10:59pm,42,42,1,This section IS ON the NHS,1,Interstate,I-5 RAMP,,2,Urban,1,Interstate,1,State Highway Agency,1991,1991,44.13678889,44.13678889,-123.0516306,-123.05163056,0,No Special Jurisdiction,1,Rollover/Overturn,0,Not a Collision with Motor Vehicle In-Transport,1,Yes,20,Entrance/Exit Ramp,1,Not an Intersection,0,,1,On Roadway,3,Dark - Lighted,1,Clear,0,No Additional Atmospheric Conditions,1,Clear,0,No,0000000,Not Applicable,22,10:00pm-10:59pm,39,39,22,10:00pm-10:59pm,47,47,23,11:00pm-11:59pm,8,8,0,,0,,0,,1,1
41,Oregon,410380,2,2,0,0,6,6,0,5,CLACKAMAS (5),0,NOT APPLICABLE,22,22,10,October,2016,7,Saturday,21,9:00pm-9:59pm,16,16,0,This section IS NOT on the NHS,3,State Highway,SR-211 (ODOT 161),,1,Rural,4,Minor Arterial,1,State Highway Agency,188,188,45.16920556,45.16920556,-122.4759833,-122.47598333,0,No Special Jurisdiction,12,Motor Vehicle In-Transport,6,Angle,0,No,1,Non-Junction,1,Not an Intersection,0,,1,On Roadway,2,Dark - Not Lighted,10,Cloudy,0,No Additional Atmospheric Conditions,10,Cloudy,0,No,0000000,Not Applicable,21,9:00pm-9:59pm,26,26,21,9:00pm-9:59pm,42,42,22,10:00pm-10:59pm,13,13,0,,0,,0,,3,1
41,Oregon,410381,1,1,0,1,1,1,1,17,DESCHUTES (17),190,BEND,22,22,10,October,2016,7,Saturday,19,7:00pm-7:59pm,39,39,0,This section IS NOT on the NHS,6,Local Street - Municipality,S 3RD ST,PINEBROOK BLVD,2,Urban,3,Principal Arterial - Other,4,City or Municipal Highway Agency,0,,44.02152778,44.02152778,-121.3160139,-121.31601389,0,No Special Jurisdiction,8,Pedestrian,0,Not a Collision with Motor Vehicle In-Transport,0,No,3,Intersection-Related,3,T-Intersection,0,,1,On Roadway,2,Dark - Not Lighted,10,Cloudy,0,No Additional Atmospheric Conditions,10,Cloudy,0,No,0000000,Not Applicable,99,Unknown,99,Unknown,99,Unknown EMS Scene Arrival Hour,99,Unknown EMS Scene Arrival Minutes,88,Not Applicable (Not Transported),88,Not Applicable (Not Transported),0,,0,,0,,1,0
41,Oregon,410382,1,1,0,1,1,1,1,29,JACKSON (29),0,NOT APPLICABLE,24,24,10,October,2016,2,Monday,18,6:00pm-6:59pm,44,44,0,This section IS NOT on the NHS,6,Local Street - Municipality,CR-W LINN RD,,2,Urban,7,Local,2,County Highway Agency,11,11,42.47224722,42.47224722,-122.8316889,-122.83168889,0,No Special Jurisdiction,8,Pedestrian,0,Not a Collision with Motor Vehicle In-Transport,0,No,1,Non-Junction,1,Not an Intersection,0,,1,On Roadway,2,Dark - Not Lighted,2,Rain,0,No Additional Atmospheric Conditions,2,Rain,0,No,0000000,Not Applicable,99,Unknown,99,Unknown,99,Unknown EMS Scene Arrival Hour,99,Unknown EMS Scene Arrival Minutes,88,Not Applicable (Not Transported),88,Not Applicable (Not Transported),0,,0,,0,,1,0