STATE,STATENAME,ST_CASE,VE_TOTAL,VE_FORMS,PVH_INVL,PEDS,PERSONS,PERMVIT,PERNOTMVIT,COUNTY,COUNTYNAME,CITY,CITYNAME,DAY,DAYNAME,MONTH,MONTHNAME,YEAR,DAY_WEEK,DAY_WEEKNAME,HOUR,HOURNAME,MINUTE,MINUTENAME,NHS,NHSNAME,ROUTE,ROUTENAME,TWAY_ID,TWAY_ID2,RUR_URB,RUR_URBNAME,FUNC_SYS,FUNC_SYSNAME,RD_OWNER,RD_OWNERNAME,MILEPT,MILEPTNAME,LATITUDE,LATITUDENAME,LONGITUD,LONGITUDNAME,SP_JUR,SP_JURNAME,HARM_EV,HARM_EVNAME,MAN_COLL,MAN_COLLNAME,RELJCT1,RELJCT1NAME,RELJCT2,RELJCT2NAME,TYP_INT,TYP_INTNAME,WRK_ZONE,WRK_ZONENAME,REL_ROAD,REL_ROADNAME,LGT_COND,LGT_CONDNAME,WEATHER1,WEATHER1NAME,WEATHER2,WEATHER2NAME,WEATHER,WEATHERNAME,SCH_BUS,SCH_BUSNAME,RAIL,RAILNAME,NOT_HOUR,NOT_HOURNAME,NOT_MIN,NOT_MINNAME,ARR_HOUR,ARR_HOURNAME,ARR_MIN,ARR_MINNAME,HOSP_HR,HOSP_HRNAME,HOSP_MN,HOSP_MNNAME,CF1,CF1NAME,CF2,CF2NAME,CF3,CF3NAME,FATALS,DRUNK_DR
41,Oregon,410383,2,2,0,0,2,2,0,39,LANE (39),0,NOT APPLICABLE,26,26,10,October,2016,4,Wednesday,13,1:00pm-1:59pm,55,55,1,This section IS ON the NHS,2,U.S. Highway,US-101 (ODOT 9),SUTTON LAKE RD,1,Rural,3,Principal Arterial - Other,1,State Highway Agency,1850,1850,44.05132778,44.05132778,-124.0979417,-124.09794167,0,No Special Jurisdiction,12,Motor Vehicle In-Transport,6,Angle,0,No,2,Intersection,3,T-Intersection,0,,1,On Roadway,1,Daylight,2,Rain,0,No Additional Atmospheric Conditions,2,Rain,0,No,0000000,Not Applicable,99,Unknown,99,Unknown,99,Unknown EMS Scene Arrival Hour,99,Unknown EMS Scene Arrival Minutes,88,Not Applicable (Not Transported),88,Not Applicable (Not Transported),0,,0,,0,,1,0
41,Oregon,410384,1,1,0,1,2,2,1,29,JACKSON (29),0,NOT APPLICABLE,27,27,10,October,2016,5,Thursday,20,8:00pm-8:59pm,46,46,1,This section IS ON the NHS,3,State Highway,SR-99 (ODOT 63),,2,Urban,3,Principal Arterial - Other,1,State Highway Agency,109,109,42.28248611,42.28248611,-122.8262056,-122.82620556,0,No Special Jurisdiction,8,Pedestrian,0,Not a Collision with Motor Vehicle In-Transport,0,No,1,Non-Junction,1,Not an Intersection,0,,1,On Roadway,1,Daylight,10,Cloudy,0,No Additional Atmospheric Conditions,10,Cloudy,0,No,0000000,Not Applicable,8,8:00am-8:59am,36,36,8,8:00am-8:59am,39,39,99,Unknown,99,Unknown EMS Hospital Arrival Time,0,,0,,0,,1,0
41,Oregon,410385,1,1,0,1,1,1,1,3,BENTON (3),420,CORVALLIS,28,28,10,October,2016,6,Friday,20,8:00pm-8:59pm,11,11,1,This section IS ON the NHS,3,State Highway,SR-99 (ODOT 91),,2,Urban,3,Principal Arterial - Other,1,State Highway Agency,849,849,44.54480833,44.54480833,-123.2659167,-123.26591667,0,No Special Jurisdiction,8,Pedestrian,0,Not a Collision with Motor Vehicle In-Transport,0,No,1,Non-Junction,1,Not an Intersection,0,,1,On Roadway,2,Dark - Not Lighted,1,Clear,0,No Additional Atmospheric Conditions,1,Clear,0,No,0000000,Not Applicable,99,Unknown,99,Unknown,99,Unknown EMS Scene Arrival Hour,99,Unknown EMS Scene Arrival Minutes,88,Not Applicable (Not Transported),88,Not Applicable (Not Transported),0,,0,,0,,1,0
41,Oregon,410386,2,2,0,1,2,2,1,51,MULTNOMAH (51),1650,PORTLAND,29,29,10,October,2016,7,Saturday,11,11:00am-11:59am,23,23,1,This section IS ON the NHS,2,U.S. Highway,US-30B (ODOT 123),NW BRIDGE AVE,2,Urban,4,Minor Arterial,1,State Highway Agency,6,6,45.58329167,45.58329167,-122.7689611,-122.76896111,0,No Special Jurisdiction,9,Pedalcyclist,0,Not a Collision with Motor Vehicle In-Transport,0,No,2,Intersection,3,T-Intersection,0,,1,On Roadway,1,Daylight,10,Cloudy,0,No Additional Atmospheric Conditions,10,Cloudy,0,No,0000000,Not Applicable,99,Unknown,99,Unknown,99,Unknown EMS Scene Arrival Hour,99,Unknown EMS Scene Arrival Minutes,88,Not Applicable (Not Transported),88,Not Applicable (Not Transported),0,,0,,0,,1,0
41,Oregon,410387,1,1,0,1,1,1,1,5,CLACKAMAS (5),0,NOT APPLICABLE,29,29,10,October,2016,7,Saturday,20,8:00pm-8:59pm,15,15,1,This section IS ON the NHS,3,State Highway,SR-99 (ODOT 81),,2,Urban,3,Principal Arterial - Other,1,State Highway Agency,70,70,45.42689722,45.42689722,-122.6337444,-122.63374444,0,No Special Jurisdiction,15,Non-Motorist on Personal Conveyance,0,Not a Collision with Motor Vehicle In-Transport,0,No,1,Non-Junction,1,Not an Intersection,0,,1,On Roadway,2,Dark - Not Lighted,1,Clear,0,No Additional Atmospheric Conditions,1,Clear,0,No,0000000,Not Applicable,8,8:00am-8:59am,15,15,8,8:00am-8:59am,20,20,88,Not Applicable (Not Transported),88,Not Applicable (Not Transported),0,,0,,0,,1,0
41,Oregon,410388,1,1,0,0,2,2,0,3,BENTON (3),0,NOT APPLICABLE,30,30,10,October,2016,1,Sunday,2,2:00am-2:59am,22,22,0,This section IS NOT on the NHS,4,County Road,CR-NW HIGHLAND DR,,2,Urban,4,Minor Arterial,2,County Highway Agency,12,12,44.61685556,44.61685556,-123.2618889,-123.26188889,0,No Special Jurisdiction,38,Fence,0,Not a Collision with Motor Vehicle In-Transport,0,No,1,Non-Junction,1,Not an Intersection,0,,5,Outside Trafficway,2,Dark - Not Lighted,1,Clear,0,No Additional Atmospheric Conditions,1,Clear,0,No,0000000,Not Applicable,2,2:00am-2:59am,24,24,2,2:00am-2:59am,30,30,99,Unknown,99,Unknown EMS Hospital Arrival Time,0,,0,,0,,1,1
41,Oregon,410389,2,2,0,0,3,3,0,29,JACKSON (29),0,NOT APPLICABLE,3,3,11,November,2016,5,Thursday,18,6:00pm-6:59pm,31,31,0,This section IS NOT on the NHS,7,Local Street - Frontage Road,CR-OLD STAGE RD,,2,Urban,7,Local,2,County Highway Agency,429,429,42.42974444,42.42974444,-123.0609306,-123.06093056,0,No Special Jurisdiction,12,Motor Vehicle In-Transport,1,Front-to-Rear,0,No,1,Non-Junction,1,Not an Intersection,0,,1,On Roadway,2,Dark - Not Lighted,10,Cloudy,0,No Additional Atmospheric Conditions,10,Cloudy,0,No,0000000,Not Applicable,18,6:00pm-6:59pm,31,31,18,6:00pm-6:59pm,41,41,88,Not Applicable (Not Transported),88,Not Applicable (Not Transported),0,,0,,0,,1,0
41,Oregon,410390,1,1,0,1,4,4,1,1,BAKER (1),0,NOT APPLICABLE,6,6,11,November,2016,1,Sunday,22,10:00pm-10:59pm,3,3,1,This section IS ON the NHS,1,Interstate,I-84,,1,Rural,1,Interstate,1,State Highway Agency,2885,2885,44.98804444,44.98804444,-117.8955972,-117.89559722,0,No Special Jurisdiction,8,Pedestrian,0,Not a Collision with Motor Vehicle In-Transport,0,No,1,Non-Junction,1,Not an Intersection,0,,1,On Roadway,3,Dark - Lighted,1,Clear,0,No Additional Atmospheric Conditions,1,Clear,0,No,0000000,Not Applicable,22,10:00pm-10:59pm,3,3,22,10:00pm-10:59pm,25,25,88,Not Applicable (Not Transported),88,Not Applicable (Not Transported),0,,0,,0,,1,0
41,Oregon,410391,1,1,0,1,1,1,1,51,MULTNOMAH (51),1650,PORTLAND,10,10,11,November,2016,5,Thursday,21,9:00pm-9:59pm,17,17,1,This section IS ON the NHS,2,U.S. Highway,US-26 (ODOT 47),SW VISTA AVE,2,Urban,2,Principal Arterial - Other Freeways and Expressways,1,State Highway Agency,734,734,45.516,45.516,-122.6964139,-122.69641389,0,No Special Jurisdiction,8,Pedestrian,0,Not a Collision with Motor Vehicle In-Transport,0,No,1,Non-Junction,1,Not an Intersection,0,,1,On Roadway,3,Dark - Lighted,10,Cloudy,0,No Additional Atmospheric Conditions,10,Cloudy,0,No,0000000,Not Applicable,99,Unknown,99,Unknown,99,Unknown EMS Scene Arrival Hour,99,Unknown EMS Scene Arrival Minutes,88,Not Applicable (Not Transported),88,Not Applicable (Not Transported),0,,0,,0,,1,0
41,Oregon,410392,2,2,0,0,4,4,0,45,MALHEUR (45),0,NOT APPLICABLE,13,13,11,November,2016,1,Sunday,18,6:00pm-6:59pm,27,27,1,This section IS ON the NHS,2,U.S. Highway,US-95 (ODOT 456),,1,Rural,3,Principal Arterial - Other,1,State Highway Agency,920,920,42.40298611,42.40298611,-117.8587667,-117.85876667,0,No Special Jurisdiction,12,Motor Vehicle In-Transport,2,Front-to-Front,0,No,1,Non-Junction,1,Not an Intersection,0,,1,On Roadway,2,Dark - Not Lighted,10,Cloudy,0,No Additional Atmospheric Conditions,10,Cloudy,0,No,0000000,Not Applicable,18,6:00pm-6:59pm,32,32,19,7:00pm-7:59pm,37,37,99,Unknown,99,Unknown EMS Hospital Arrival Time,0,,0,,0,,2,1
41,Oregon,410393,1,1,0,1,1,1,1,33,JOSEPHINE (33),310,CAVE JUNCTION,14,14,11,November,2016,2,Monday,19,7:00pm-7:59pm,13,13,0,This section IS NOT on the NHS,6,Local Street - Municipality,SCHUMACHER ST,BOUNDARY ST,1,Rural,6,Minor Collector,4,City or Municipal Highway Agency,0,,42.16577222,42.16577222,-123.6514083,-123.65140833,0,No Special Jurisdiction,8,Pedestrian,0,Not a Collision with Motor Vehicle In-Transport,0,No,3,Intersection-Related,3,T-Intersection,0,,1,On Roadway,9,Unknown,99,Unknown,0,No Additional Atmospheric Conditions,99,Unknown,0,No,0000000,Not Applicable,19,7:00pm-7:59pm,13,13,19,7:00pm-7:59pm,16,16,99,Unknown,99,Unknown EMS Hospital Arrival Time,0,,0,,0,,1,0
41,Oregon,410394,3,3,0,0,3,3,0,5,CLACKAMAS (5),0,NOT APPLICABLE,14,14,11,November,2016,2,Monday,17,5:00pm-5:59pm,1,1,0,This section IS NOT on the NHS,4,County Road,CR-S REDLAND RD,,2,Urban,4,Minor Arterial,2,County Highway Agency,0,,45.35490833,45.35490833,-122.5593944,-122.55939444,0,No Special Jurisdiction,12,Motor Vehicle In-Transport,2,Front-to-Front,0,No,1,Non-Junction,1,Not an Intersection,0,,1,On Roadway,2,Dark - Not Lighted,2,Rain,0,No Additional Atmospheric Conditions,2,Rain,0,No,0000000,Not Applicable,17,5:00pm-5:59pm,2,2,17,5:00pm-5:59pm,8,8,99,Unknown,99,Unknown EMS Hospital Arrival Time,14,"Motor Vehicle struck by falling cargo,or something that came loose from or something that was set in motion by a vehicle",0,,0,,1,0
41,Oregon,410395,1,1,0,0,1,1,0,53,POLK (53),0,NOT APPLICABLE,16,16,11,November,2016,4,Wednesday,23,11:00pm-11:59pm,0,0,0,This section IS NOT on the NHS,4,County Road,CR-ORCHARD HEIGHTS RD NW,,1,Rural,5,Major Collector,2,County Highway Agency,9,9,44.96645278,44.96645278,-123.1406639,-123.14066389,0,No Special Jurisdiction,42,Tree (Standing Only),0,Not a Collision with Motor Vehicle In-Transport,0,No,1,Non-Junction,1,Not an Intersection,0,,4,On Roadside,2,Dark - Not Lighted,10,Cloudy,0,No Additional Atmospheric Conditions,10,Cloudy,0,No,0000000,Not Applicable,23,11:00pm-11:59pm,43,43,23,11:00pm-11:59pm,50,50,88,Not Applicable (Not Transported),88,Not Applicable (Not Transported),0,,0,,0,,1,1
41,Oregon,410396,1,1,0,0,2,2,0,29,JACKSON (29),0,NOT APPLICABLE,16,16,11,November,2016,4,Wednesday,7,7:00am-7:59am,39,39,0,This section IS NOT on the NHS,4,County Road,CR-GALLS CREEK RD,,1,Rural,7,Local,2,County Highway Agency,2,2,42.43109444,42.43109444,-123.0683889,-123.06838889,0,No Special Jurisdiction,42,Tree (Standing Only),0,Not a Collision with Motor Vehicle In-Transport,0,No,1,Non-Junction,1,Not an Intersection,0,,4,On Roadside,1,Daylight,10,Cloudy,0,No Additional Atmospheric Conditions,10,Cloudy,0,No,0000000,Not Applicable,99,Unknown,99,Unknown,99,Unknown EMS Scene Arrival Hour,99,Unknown EMS Scene Arrival Minutes,99,Unknown,99,Unknown EMS Hospital Arrival Time,0,,0,,0,,1,0
41,Oregon,410397,2,2,0,0,2,2,0,53,POLK (53),0,NOT APPLICABLE,16,16,11,November,2016,4,Wednesday,3,3:00am-3:59am,13,13,0,This section IS NOT on the NHS,3,State Highway,SR-223 (ODOT 191),,1,Rural,3,Principal Arterial - Other,1,State Highway Agency,15,15,44.92957222,44.92957222,-123.3107528,-123.31075278,0,No Special Jurisdiction,12,Motor Vehicle In-Transport,2,Front-to-Front,0,No,1,Non-Junction,1,Not an Intersection,0,,1,On Roadway,2,Dark - Not Lighted,2,Rain,0,No Additional Atmospheric Conditions,2,Rain,0,No,0000000,Not Applicable,3,3:00am-3:59am,14,14,3,3:00am-3:59am,16,16,88,Not Applicable (Not Transported),88,Not Applicable (Not Transported),0,,0,,0,,1,0
41,Oregon,410398,3,3,0,0,3,3,0,43,LINN (43),0,NOT APPLICABLE,18,18,11,November,2016,6,Friday,6,6:00am-6:59am,9,9,1,This section IS ON the NHS,3,State Highway,SR-34 (ODOT 210),,1,Rural,3,Principal Arterial - Other,1,State Highway Agency,20,20,44.56403056,44.56403056,-123.2206778,-123.22067778,0,No Special Jurisdiction,12,Motor Vehicle In-Transport,6,Angle,0,No,1,Non-Junction,1,Not an Intersection,0,,1,On Roadway,2,Dark - Not Lighted,10,Cloudy,0,No Additional Atmospheric Conditions,10,Cloudy,0,No,0000000,Not Applicable,6,6:00am-6:59am,9,9,6,6:00am-6:59am,16,16,88,Not Applicable (Not Transported),88,Not Applicable (Not Transported),0,,0,,0,,1,0
41,Oregon,410399,2,2,0,0,3,3,0,71,YAMHILL (71),0,NOT APPLICABLE,18,18,11,November,2016,6,Friday,8,8:00am-8:59am,40,40,1,This section IS ON the NHS,3,State Highway,SR-99 (ODOT 91),,1,Rural,3,Principal Arterial - Other,1,State Highway Agency,425,425,45.14,45.14,-123.2021,-123.2021,0,No Special Jurisdiction,12,Motor Vehicle In-Transport,6,Angle,0,No,1,Non-Junction,1,Not an Intersection,0,,1,On Roadway,1,Daylight,10,Cloudy,0,No Additional Atmospheric Conditions,10,Cloudy,0,No,0000000,Not Applicable,8,8:00am-8:59am,42,42,8,8:00am-8:59am,49,49,9,9:00am-9:59am,6,6,0,,0,,0,,1,0
41,Oregon,410400,2,2,0,0,3,3,0,67,WASHINGTON (67),2100,TUALATIN,18,18,11,November,2016,6,Friday,1,1:00am-1:59am,45,45,1,This section IS ON the NHS,1,Interstate,I-5,,2,Urban,1,Interstate,1,State Highway Agency,2890,2890,45.37460278,45.37460278,-122.7554639,-122.75546389,0,No Special Jurisdiction,12,Motor Vehicle In-Transport,6,Angle,0,No,1,Non-Junction,1,Not an Intersection,0,,1,On Roadway,3,Dark - Lighted,10,Cloudy,0,No Additional Atmospheric Conditions,10,Cloudy,0,No,0000000,Not Applicable,99,Unknown,99,Unknown,99,Unknown EMS Scene Arrival Hour,99,Unknown EMS Scene Arrival Minutes,88,Not Applicable (Not Transported),88,Not Applicable (Not Transported),0,,0,,0,,2,0
41,Oregon,410401,1,1,0,1,2,2,1,5,CLACKAMAS (5),0,NOT APPLICABLE,18,18,11,November,2016,6,Friday,20,8:00pm-8:59pm,20,20,1,This section IS ON the NHS,1,Interstate,I-5,,1,Rural,1,Interstate,1,State Highway Agency,2810,2810,45.27013889,45.27013889,-122.7777639,-122.77776389,0,No Special Jurisdiction,8,Pedestrian,0,Not a Collision with Motor Vehicle In-Transport,0,No,1,Non-Junction,1,Not an Intersection,0,,1,On Roadway,2,Dark - Not Lighted,10,Cloudy,0,No Additional Atmospheric Conditions,10,Cloudy,0,No,0000000,Not Applicable,20,8:00pm-8:59pm,34,34,20,8:00pm-8:59pm,47,47,21,9:00pm-9:59pm,15,15,19,Recent/Previous Crash scene Nearby,23,Indication of a Stalled/Disabled Vehicle,0,,1,0
41,Oregon,410402,2,1,1,0,1,1,0,19,DOUGLAS (19),2020,SUTHERLIN,19,19,11,November,2016,7,Saturday,19,7:00pm-7:59pm,50,50,1,This section IS ON the NHS,1,Interstate,I-5,,2,Urban,1,Interstate,1,State Highway Agency,1363,1363,43.37856667,43.37856667,-123.3379917,-123.33799167,0,No Special Jurisdiction,38,Fence,0,Not a Collision with Motor Vehicle In-Transport,0,No,1,Non-Junction,1,Not an Intersection,0,,4,On Roadside,2,Dark - Not Lighted,1,Clear,0,No Additional Atmospheric Conditions,1,Clear,0,No,0000000,Not Applicable,19,7:00pm-7:59pm,53,53,19,7:00pm-7:59pm,57,57,99,Unknown,99,Unknown EMS Hospital Arrival Time,0,,0,,0,,1,0
41,Oregon,410403,1,1,0,0,2,2,0,35,KLAMATH (35),0,NOT APPLICABLE,20,20,11,November,2016,1,Sunday,15,3:00pm-3:59pm,30,30,0,This section IS NOT on the NHS,8,Other,USFS 3673-112,,1,Rural,7,Local,64,U.S. Forest Service,0,,42.33556111,42.33556111,-121.3644,-121.3644,0,No Special Jurisdiction,1,Rollover/Overturn,0,Not a Collision with Motor Vehicle In-Transport,0,No,1,Non-Junction,1,Not an Intersection,0,,4,On Roadside,1,Daylight,2,Rain,0,No Additional Atmospheric Conditions,2,Rain,0,No,0000000,Not Applicable,15,3:00pm-3:59pm,30,30,15,3:00pm-3:59pm,46,46,99,Unknown,99,Unknown EMS Hospital Arrival Time,0,,0,,0,,1,1
41,Oregon,410404,1,1,0,0,1,1,0,5,CLACKAMAS (5),0,NOT APPLICABLE,20,20,11,November,2016,1,Sunday,21,9:00pm-9:59pm,0,0,0,This section IS NOT on the NHS,4,County Road,CR-SE TRUBEL RD,CR-SE FIRWOOD RD,1,Rural,5,Major Collector,2,County Highway Agency,0,,45.37494722,45.37494722,-122.2246583,-122.22465833,0,No Special Jurisdiction,42,Tree (Standing Only),0,Not a Collision with Motor Vehicle In-Transport,0,No,3,Intersection-Related,3,T-Intersection,0,,4,On Roadside,2,Dark - Not Lighted,2,Rain,0,No Additional Atmospheric Conditions,2,Rain,0,No,0000000,Not Applicable,21,9:00pm-9:59pm,50,50,21,9:00pm-9:59pm,55,55,88,Not Applicable (Not Transported),88,Not Applicable (Not Transported),0,,0,,0,,1,1
41,Oregon,410405,2,2,0,0,2,2,0,33,JOSEPHINE (33),0,NOT APPLICABLE,21,21,11,November,2016,2,Monday,23,11:00pm-11:59pm,40,40,1,This section IS ON the NHS,1,Interstate,I-5,,2,Urban,1,Interstate,1,State Highway Agency,525,525,42.42713056,42.42713056,-123.2349472,-123.23494722,0,No Special Jurisdiction,1,Rollover/Overturn,0,Not a Collision with Motor Vehicle In-Transport,0,No,1,Non-Junction,1,Not an Intersection,0,,3,On Median,2,Dark - Not Lighted,10,Cloudy,0,No Additional Atmospheric Conditions,10,Cloudy,0,No,0000000,Not Applicable,23,11:00pm-11:59pm,42,42,23,11:00pm-11:59pm,52,52,0,0:00am-0:59am,37,37,0,,0,,0,,1,1
41,Oregon,410406,1,1,0,0,5,5,0,51,MULTNOMAH (51),1650,PORTLAND,25,25,12,December,2016,1,Sunday,1,1:00am-1:59am,52,52,0,This section IS NOT on the NHS,6,Local Street - Municipality,SE MOUNT SCOTT BLVD,,2,Urban,5,Major Collector,4,City or Municipal Highway Agency,0,,45.46544722,45.46544722,-122.5585083,-122.55850833,0,No Special Jurisdiction,42,Tree (Standing Only),0,Not a Collision with Motor Vehicle In-Transport,0,No,1,Non-Junction,1,Not an Intersection,0,,4,On Roadside,3,Dark - Lighted,5,"Fog, Smog, Smoke",0,No Additional Atmospheric Conditions,5,"Fog, Smog, Smoke",0,No,0000000,Not Applicable,1,1:00am-1:59am,52,52,1,1:00am-1:59am,58,58,99,Unknown,99,Unknown EMS Hospital Arrival Time,0,,0,,0,,1,0
41,Oregon,410407,2,1,1,4,2,1,5,29,JACKSON (29),0,NOT APPLICABLE,21,21,11,November,2016,2,Monday,20,8:00pm-8:59pm,9,9,1,This section IS ON the NHS,3,State Highway,SR-140 (ODOT 270),,1,Rural,3,Principal Arterial - Other,1,State Highway Agency,315,315,42.39776667,42.39776667,-122.3094611,-122.30946111,0,No Special Jurisdiction,14,Parked Motor Vehicle,0,Not a Collision with Motor Vehicle In-Transport,0,No,1,Non-Junction,1,Not an Intersection,0,,2,On Shoulder,2,Dark - Not Lighted,10,Cloudy,0,No Additional Atmospheric Conditions,10,Cloudy,0,No,0000000,Not Applicable,20,8:00pm-8:59pm,9,9,20,8:00pm-8:59pm,40,40,99,Unknown,99,Unknown EMS Hospital Arrival Time,15,"Non-occupant struck by falling cargo, or something that came loose from, or something that was set in motion by a vehicle",23,Indication of a Stalled/Disabled Vehicle,0,,1,0
41,Oregon,410408,1,1,0,1,1,1,1,67,WASHINGTON (67),2065,TIGARD,22,22,11,November,2016,3,Tuesday,18,6:00pm-6:59pm,25,25,1,This section IS ON the NHS,3,State Highway,SR-99 (ODOT 91),,2,Urban,3,Principal Arterial - Other,1,State Highway Agency,79,79,45.44198889,45.44198889,-122.7472,-122.7472,0,No Special Jurisdiction,8,Pedestrian,0,Not a Collision with Motor Vehicle In-Transport,0,No,1,Non-Junction,1,Not an Intersection,0,,1,On Roadway,2,Dark - Not Lighted,2,Rain,0,No Additional Atmospheric Conditions,2,Rain,0,No,0000000,Not Applicable,18,6:00pm-6:59pm,31,31,99,Unknown EMS Scene Arrival Hour,99,Unknown EMS Scene Arrival Minutes,99,Unknown,99,Unknown EMS Hospital Arrival Time,0,,0,,0,,1,0
41,Oregon,410409,1,1,0,1,1,1,1,39,LANE (39),660,EUGENE,22,22,11,November,2016,3,Tuesday,18,6:00pm-6:59pm,21,21,1,This section IS ON the NHS,6,Local Street - Municipality,RIVER RD,,2,Urban,3,Principal Arterial - Other,4,City or Municipal Highway Agency,0,,44.07055,44.07055,-123.1183806,-123.11838056,0,No Special Jurisdiction,8,Pedestrian,0,Not a Collision with Motor Vehicle In-Transport,0,No,1,Non-Junction,1,Not an Intersection,0,,1,On Roadway,3,Dark - Lighted,2,Rain,0,No Additional Atmospheric Conditions,2,Rain,0,No,0000000,Not Applicable,18,6:00pm-6:59pm,21,21,18,6:00pm-6:59pm,25,25,88,Not Applicable (Not Transported),88,Not Applicable (Not Transported),0,,0,,0,,1,0
41,Oregon,410410,2,2,0,0,2,2,0,39,LANE (39),660,EUGENE,22,22,11,November,2016,3,Tuesday,19,7:00pm-7:59pm,53,53,0,This section IS NOT on the NHS,6,Local Street - Municipality,DIVISION AVE,,2,Urban,5,Major Collector,4,City or Municipal Highway Agency,0,,44.098925,44.098925,-123.1294167,-123.12941667,0,No Special Jurisdiction,12,Motor Vehicle In-Transport,2,Front-to-Front,0,No,8,Driveway Access Related,1,Not an Intersection,0,,1,On Roadway,3,Dark - Lighted,2,Rain,0,No Additional Atmospheric Conditions,2,Rain,0,No,0000000,Not Applicable,19,7:00pm-7:59pm,53,53,19,7:00pm-7:59pm,57,57,20,8:00pm-8:59pm,13,13,0,,0,,0,,1,0
41,Oregon,410411,4,4,0,1,5,5,1,33,JOSEPHINE (33),0,NOT APPLICABLE,23,23,11,November,2016,4,Wednesday,20,8:00pm-8:59pm,30,30,1,This section IS ON the NHS,2,U.S. Highway,US-199 (ODOT 25),,1,Rural,3,Principal Arterial - Other,1,State Highway Agency,50,50,42.423025,42.423025,-123.3430333,-123.34303333,0,No Special Jurisdiction,8,Pedestrian,0,Not a Collision with Motor Vehicle In-Transport,0,No,1,Non-Junction,1,Not an Intersection,0,,1,On Roadway,2,Dark - Not Lighted,1,Clear,0,No Additional Atmospheric Conditions,1,Clear,0,No,0000000,Not Applicable,20,8:00pm-8:59pm,27,27,20,8:00pm-8:59pm,35,35,88,Not Applicable (Not Transported),88,Not Applicable (Not Transported),0,,0,,0,,1,0
41,Oregon,410412,1,1,0,0,1,1,0,17,DESCHUTES (17),0,NOT APPLICABLE,24,24,11,November,2016,5,Thursday,16,4:00pm-4:59pm,13,13,0,This section IS NOT on the NHS,4,County Road,CR-INNES MARKET RD,,1,Rural,6,Minor Collector,2,County Highway Agency,20,20,44.201025,44.201025,-121.3628861,-121.36288611,0,No Special Jurisdiction,42,Tree (Standing Only),0,Not a Collision with Motor Vehicle In-Transport,0,No,1,Non-Junction,1,Not an Intersection,0,,4,On Roadside,5,Dusk,1,Clear,0,No Additional Atmospheric Conditions,1,Clear,0,No,0000000,Not Applicable,16,4:00pm-4:59pm,13,13,16,4:00pm-4:59pm,25,25,88,Not Applicable (Not Transported),88,Not Applicable (Not Transported),0,,0,,0,,1,1
41,Oregon,410413,1,1,0,1,1,1,1,51,MULTNOMAH (51),1650,PORTLAND,25,25,11,November,2016,6,Friday,17,5:00pm-5:59pm,40,40,0,This section IS NOT on the NHS,6,Local Street - Municipality,SE 160TH AVE,SE STARK ST,2,Urban,4,Minor Arterial,4,City or Municipal Highway Agency,0,,45.51915,45.51915,-122.4990528,-122.49905278,0,No Special Jurisdiction,8,Pedestrian,0,Not a Collision with Motor Vehicle In-Transport,0,No,2,Intersection,2,Four-Way Intersection,0,,1,On Roadway,3,Dark - Lighted,10,Cloudy,0,No Additional Atmospheric Conditions,10,Cloudy,0,No,0000000,Not Applicable,17,5:00pm-5:59pm,40,40,17,5:00pm-5:59pm,42,42,99,Unknown,99,Unknown EMS Hospital Arrival Time,0,,0,,0,,1,0
41,Oregon,410414,2,2,0,0,3,3,0,53,POLK (53),0,NOT APPLICABLE,26,26,11,November,2016,7,Saturday,18,6:00pm-6:59pm,9,9,0,This section IS NOT on the NHS,3,State Highway,SR-99 (ODOT 91),CR-SUVER RD,1,Rural,4,Minor Arterial,1,State Highway Agency,707,707,44.744075,44.744075,-123.2230611,-123.22306111,0,No Special Jurisdiction,12,Motor Vehicle In-Transport,6,Angle,0,No,2,Intersection,2,Four-Way Intersection,0,,1,On Roadway,2,Dark - Not Lighted,10,Cloudy,0,No Additional Atmospheric Conditions,10,Cloudy,0,No,0000000,Not Applicable,18,6:00pm-6:59pm,9,9,18,6:00pm-6:59pm,14,14,99,Unknown,99,Unknown EMS Hospital Arrival Time,0,,0,,0,,1,0
41,Oregon,410415,2,2,0,0,2,2,0,5,CLACKAMAS (5),485,DAMASCUS,26,26,11,November,2016,7,Saturday,17,5:00pm-5:59pm,50,50,1,This section IS ON the NHS,3,State Highway,SR-212 (ODOT 174),,2,Urban,3,Principal Arterial - Other,1,State Highway Agency,15,15,45.41077778,45.41077778,-122.4760167,-122.47601667,0,No Special Jurisdiction,12,Motor Vehicle In-Transport,6,Angle,0,No,1,Non-Junction,1,Not an Intersection,0,,1,On Roadway,2,Dark - Not Lighted,2,Rain,0,No Additional Atmospheric Conditions,2,Rain,0,No,0000000,Not Applicable,17,5:00pm-5:59pm,50,50,18,6:00pm-6:59pm,2,2,99,Unknown,99,Unknown EMS Hospital Arrival Time,0,,0,,0,,1,0
41,Oregon,410416,1,1,0,0,1,1,0,5,CLACKAMAS (5),0,NOT APPLICABLE,26,26,11,November,2016,7,Saturday,23,11:00pm-11:59pm,5,5,0,This section IS NOT on the NHS,3,State Highway,SR-211 (ODOT 172),,1,Rural,4,Minor Arterial,1,State Highway Agency,6,6,45.36510278,45.36510278,-122.3463556,-122.34635556,0,No Special Jurisdiction,30,Utility Pole/Light Support,0,Not a Collision with Motor Vehicle In-Transport,0,No,1,Non-Junction,1,Not an Intersection,0,,4,On Roadside,2,Dark - Not Lighted,2,Rain,0,No Additional Atmospheric Conditions,2,Rain,0,No,0000000,Not Applicable,23,11:00pm-11:59pm,5,5,23,11:00pm-11:59pm,15,15,88,Not Applicable (Not Transported),88,Not Applicable (Not Transported),20,Police Pursuit Involved,0,,0,,1,1