STATE,STATENAME,ST_CASE,VE_TOTAL,VE_FORMS,PVH_INVL,PEDS,PERSONS,PERMVIT,PERNOTMVIT,COUNTY,COUNTYNAME,CITY,CITYNAME,DAY,DAYNAME,MONTH,MONTHNAME,YEAR,DAY_WEEK,DAY_WEEKNAME,HOUR,HOURNAME,MINUTE,MINUTENAME,NHS,NHSNAME,ROUTE,ROUTENAME,TWAY_ID,TWAY_ID2,RUR_URB,RUR_URBNAME,FUNC_SYS,FUNC_SYSNAME,RD_OWNER,RD_OWNERNAME,MILEPT,MILEPTNAME,LATITUDE,LATITUDENAME,LONGITUD,LONGITUDNAME,SP_JUR,SP_JURNAME,HARM_EV,HARM_EVNAME,MAN_COLL,MAN_COLLNAME,RELJCT1,RELJCT1NAME,RELJCT2,RELJCT2NAME,TYP_INT,TYP_INTNAME,WRK_ZONE,WRK_ZONENAME,REL_ROAD,REL_ROADNAME,LGT_COND,LGT_CONDNAME,WEATHER1,WEATHER1NAME,WEATHER2,WEATHER2NAME,WEATHER,WEATHERNAME,SCH_BUS,SCH_BUSNAME,RAIL,RAILNAME,NOT_HOUR,NOT_HOURNAME,NOT_MIN,NOT_MINNAME,ARR_HOUR,ARR_HOURNAME,ARR_MIN,ARR_MINNAME,HOSP_HR,HOSP_HRNAME,HOSP_MN,HOSP_MNNAME,CF1,CF1NAME,CF2,CF2NAME,CF3,CF3NAME,FATALS,DRUNK_DR
41,Oregon,410417,1,1,0,0,1,1,0,11,COOS (11),0,NOT APPLICABLE,27,27,11,November,2016,1,Sunday,99,Unknown Hours,99,Unknown Minutes,0,This section IS NOT on the NHS,4,County Road,CR-OLD WAGON RD,,1,Rural,7,Local,2,County Highway Agency,20,20,43.33315278,43.33315278,-124.1873639,-124.18736389,0,No Special Jurisdiction,35,Embankment,0,Not a Collision with Motor Vehicle In-Transport,0,No,1,Non-Junction,1,Not an Intersection,0,,4,On Roadside,2,Dark - Not Lighted,2,Rain,0,No Additional Atmospheric Conditions,2,Rain,0,No,0000000,Not Applicable,6,6:00am-6:59am,29,29,6,6:00am-6:59am,31,31,88,Not Applicable (Not Transported),88,Not Applicable (Not Transported),0,,0,,0,,1,1
41,Oregon,410418,2,2,0,0,2,2,0,51,MULTNOMAH (51),1650,PORTLAND,30,30,11,November,2016,4,Wednesday,5,5:00am-5:59am,20,20,0,This section IS NOT on the NHS,6,Local Street - Municipality,N BASIN AVE,,2,Urban,5,Major Collector,4,City or Municipal Highway Agency,0,,45.56284167,45.56284167,-122.7054639,-122.70546389,0,No Special Jurisdiction,12,Motor Vehicle In-Transport,6,Angle,0,No,1,Non-Junction,1,Not an Intersection,0,,1,On Roadway,3,Dark - Lighted,2,Rain,0,No Additional Atmospheric Conditions,2,Rain,0,No,0000000,Not Applicable,5,5:00am-5:59am,28,28,5,5:00am-5:59am,33,33,88,Not Applicable (Not Transported),88,Not Applicable (Not Transported),0,,0,,0,,1,1
41,Oregon,410419,1,1,0,1,1,1,1,17,DESCHUTES (17),190,BEND,30,30,11,November,2016,4,Wednesday,6,6:00am-6:59am,39,39,1,This section IS ON the NHS,2,U.S. Highway,US-97 (ODOT 4),,2,Urban,3,Principal Arterial - Other,1,State Highway Agency,1336,1336,44.11577778,44.11577778,-121.2909861,-121.29098611,0,No Special Jurisdiction,8,Pedestrian,0,Not a Collision with Motor Vehicle In-Transport,0,No,1,Non-Junction,1,Not an Intersection,0,,1,On Roadway,2,Dark - Not Lighted,1,Clear,0,No Additional Atmospheric Conditions,1,Clear,0,No,0000000,Not Applicable,6,6:00am-6:59am,40,40,6,6:00am-6:59am,48,48,88,Not Applicable (Not Transported),88,Not Applicable (Not Transported),0,,0,,0,,1,0
41,Oregon,410420,1,1,0,0,1,1,0,11,COOS (11),0,NOT APPLICABLE,13,13,7,July,2016,4,Wednesday,99,Unknown Hours,99,Unknown Minutes,0,This section IS NOT on the NHS,4,County Road,CR-SITKUM LN,,1,Rural,5,Major Collector,2,County Highway Agency,235,235,43.13895,43.13895,-124.0036194,-124.00361944,0,No Special Jurisdiction,42,Tree (Standing Only),0,Not a Collision with Motor Vehicle In-Transport,0,No,1,Non-Junction,1,Not an Intersection,0,,4,On Roadside,9,Unknown,98,Not Reported,0,No Additional Atmospheric Conditions,98,Not Reported,0,No,0000000,Not Applicable,18,6:00pm-6:59pm,43,43,19,7:00pm-7:59pm,8,8,88,Not Applicable (Not Transported),88,Not Applicable (Not Transported),0,,0,,0,,1,0
41,Oregon,410421,1,1,0,0,4,4,0,45,MALHEUR (45),0,NOT APPLICABLE,2,2,11,November,2016,4,Wednesday,7,7:00am-7:59am,55,55,0,This section IS NOT on the NHS,3,State Highway,SR-78 (ODOT 442),,1,Rural,4,Minor Arterial,1,State Highway Agency,718,718,43.00833056,43.00833056,-118.0907333,-118.09073333,0,No Special Jurisdiction,1,Rollover/Overturn,0,Not a Collision with Motor Vehicle In-Transport,0,No,1,Non-Junction,1,Not an Intersection,0,,1,On Roadway,1,Daylight,98,Not Reported,0,No Additional Atmospheric Conditions,98,Not Reported,0,No,0000000,Not Applicable,7,7:00am-7:59am,58,58,99,Unknown EMS Scene Arrival Hour,99,Unknown EMS Scene Arrival Minutes,99,Unknown,99,Unknown EMS Hospital Arrival Time,0,,0,,0,,1,0
41,Oregon,410422,1,1,0,2,1,1,2,35,KLAMATH (35),1170,KLAMATH FALLS,6,6,11,November,2016,1,Sunday,17,5:00pm-5:59pm,31,31,0,This section IS NOT on the NHS,6,Local Street - Municipality,SHASTA WAY,,2,Urban,4,Minor Arterial,4,City or Municipal Highway Agency,0,,42.21383889,42.21383889,-121.7556222,-121.75562222,0,No Special Jurisdiction,8,Pedestrian,0,Not a Collision with Motor Vehicle In-Transport,0,No,1,Non-Junction,1,Not an Intersection,0,,4,On Roadside,8,Not Reported,98,Not Reported,0,No Additional Atmospheric Conditions,98,Not Reported,0,No,0000000,Not Applicable,17,5:00pm-5:59pm,31,31,99,Unknown EMS Scene Arrival Hour,99,Unknown EMS Scene Arrival Minutes,99,Unknown,99,Unknown EMS Hospital Arrival Time,0,,0,,0,,1,0
41,Oregon,410423,1,1,0,1,1,1,1,5,CLACKAMAS (5),0,NOT APPLICABLE,10,10,8,August,2016,4,Wednesday,22,10:00pm-10:59pm,50,50,1,This section IS ON the NHS,3,State Highway,SR-213 (ODOT 68),SE 82ND AVE,2,Urban,3,Principal Arterial - Other,1,State Highway Agency,77,77,45.45424722,45.45424722,-122.5791583,-122.57915833,0,No Special Jurisdiction,8,Pedestrian,0,Not a Collision with Motor Vehicle In-Transport,0,No,3,Intersection-Related,3,T-Intersection,0,,1,On Roadway,2,Dark - Not Lighted,98,Not Reported,0,No Additional Atmospheric Conditions,98,Not Reported,0,No,0000000,Not Applicable,22,10:00pm-10:59pm,53,53,22,10:00pm-10:59pm,57,57,88,Not Applicable (Not Transported),88,Not Applicable (Not Transported),0,,0,,0,,1,0
41,Oregon,410424,2,2,0,0,4,4,0,41,LINCOLN (41),0,NOT APPLICABLE,11,11,11,November,2016,6,Friday,19,7:00pm-7:59pm,10,10,1,This section IS ON the NHS,2,U.S. Highway,US-20 (ODOT 33),CR-PIONEER TRAIL RD,1,Rural,3,Principal Arterial - Other,1,State Highway Agency,79,79,44.65172222,44.65172222,-123.9173667,-123.91736667,0,No Special Jurisdiction,12,Motor Vehicle In-Transport,6,Angle,0,No,2,Intersection,3,T-Intersection,0,,1,On Roadway,1,Daylight,2,Rain,0,No Additional Atmospheric Conditions,2,Rain,0,No,0000000,Not Applicable,19,7:00pm-7:59pm,10,10,19,7:00pm-7:59pm,18,18,99,Unknown,99,Unknown EMS Hospital Arrival Time,0,,0,,0,,1,0
41,Oregon,410425,1,1,0,0,1,1,0,3,BENTON (3),0,NOT APPLICABLE,14,14,12,December,2016,4,Wednesday,12,12:00pm-12:59pm,48,48,0,This section IS NOT on the NHS,4,County Road,CR-SPRINGHILL DR,,1,Rural,5,Major Collector,2,County Highway Agency,45,45,44.691925,44.691925,-123.1359139,-123.13591389,0,No Special Jurisdiction,35,Embankment,0,Not a Collision with Motor Vehicle In-Transport,0,No,1,Non-Junction,1,Not an Intersection,0,,4,On Roadside,1,Daylight,4,Snow,0,No Additional Atmospheric Conditions,4,Snow,0,No,0000000,Not Applicable,12,12:00pm-12:59pm,51,51,99,Unknown EMS Scene Arrival Hour,99,Unknown EMS Scene Arrival Minutes,99,Unknown,99,Unknown EMS Hospital Arrival Time,0,,0,,0,,1,0
41,Oregon,410426,3,3,0,0,9,9,0,31,JEFFERSON (31),0,NOT APPLICABLE,19,19,12,December,2016,2,Monday,18,6:00pm-6:59pm,34,34,1,This section IS ON the NHS,2,U.S. Highway,US-97 (ODOT 4),,1,Rural,3,Principal Arterial - Other,1,State Highway Agency,1018,1018,44.54322222,44.54322222,-121.1010639,-121.10106389,0,No Special Jurisdiction,12,Motor Vehicle In-Transport,6,Angle,0,No,1,Non-Junction,1,Not an Intersection,0,,1,On Roadway,2,Dark - Not Lighted,10,Cloudy,0,No Additional Atmospheric Conditions,10,Cloudy,0,No,0000000,Not Applicable,99,Unknown,99,Unknown,99,Unknown EMS Scene Arrival Hour,99,Unknown EMS Scene Arrival Minutes,99,Unknown,99,Unknown EMS Hospital Arrival Time,0,,0,,0,,2,0
41,Oregon,410427,1,1,0,0,1,1,0,67,WASHINGTON (67),0,NOT APPLICABLE,29,29,11,November,2016,3,Tuesday,99,Unknown Hours,99,Unknown Minutes,0,This section IS NOT on the NHS,4,County Road,CR-NW STOREY BURN RD,,1,Rural,7,Local,2,County Highway Agency,15,15,45.63522778,45.63522778,-123.3588917,-123.35889167,0,No Special Jurisdiction,34,Ditch,0,Not a Collision with Motor Vehicle In-Transport,0,No,1,Non-Junction,1,Not an Intersection,0,,4,On Roadside,9,Unknown,10,Cloudy,2,Rain,2,Rain,0,No,0000000,Not Applicable,99,Unknown,99,Unknown,99,Unknown EMS Scene Arrival Hour,99,Unknown EMS Scene Arrival Minutes,88,Not Applicable (Not Transported),88,Not Applicable (Not Transported),0,,0,,0,,1,0
41,Oregon,410428,1,1,0,0,1,1,0,33,JOSEPHINE (33),0,NOT APPLICABLE,29,29,9,September,2016,5,Thursday,23,11:00pm-11:59pm,35,35,0,This section IS NOT on the NHS,4,County Road,CR-ROCKYDALE RD,CR-WALDO RD,1,Rural,6,Minor Collector,2,County Highway Agency,0,,42.06466111,42.06466111,-123.6275,-123.6275,0,No Special Jurisdiction,42,Tree (Standing Only),0,Not a Collision with Motor Vehicle In-Transport,0,No,3,Intersection-Related,3,T-Intersection,0,,4,On Roadside,2,Dark - Not Lighted,1,Clear,0,No Additional Atmospheric Conditions,1,Clear,0,No,0000000,Not Applicable,23,11:00pm-11:59pm,35,35,23,11:00pm-11:59pm,54,54,88,Not Applicable (Not Transported),88,Not Applicable (Not Transported),0,,0,,0,,1,1
41,Oregon,410429,1,1,0,0,1,1,0,7,CLATSOP (7),0,NOT APPLICABLE,30,30,9,September,2016,6,Friday,16,4:00pm-4:59pm,39,39,0,This section IS NOT on the NHS,3,State Highway,SR-53 (ODOT 46),,1,Rural,5,Major Collector,1,State Highway Agency,10,10,45.88872778,45.88872778,-123.7588222,-123.75882222,0,No Special Jurisdiction,1,Rollover/Overturn,0,Not a Collision with Motor Vehicle In-Transport,0,No,1,Non-Junction,1,Not an Intersection,0,,1,On Roadway,1,Daylight,1,Clear,0,No Additional Atmospheric Conditions,1,Clear,0,No,0000000,Not Applicable,16,4:00pm-4:59pm,39,39,16,4:00pm-4:59pm,48,48,88,Not Applicable (Not Transported),88,Not Applicable (Not Transported),0,,0,,0,,1,1
41,Oregon,410430,2,2,0,1,4,4,1,41,LINCOLN (41),1225,LINCOLN CITY,2,2,12,December,2016,6,Friday,21,9:00pm-9:59pm,5,5,1,This section IS ON the NHS,2,U.S. Highway,US-101 (ODOT 9),NW 26TH ST,2,Urban,3,Principal Arterial - Other,1,State Highway Agency,1136,1136,44.98406389,44.98406389,-124.0072528,-124.00725278,0,No Special Jurisdiction,8,Pedestrian,0,Not a Collision with Motor Vehicle In-Transport,0,No,3,Intersection-Related,3,T-Intersection,0,,1,On Roadway,3,Dark - Lighted,10,Cloudy,0,No Additional Atmospheric Conditions,10,Cloudy,0,No,0000000,Not Applicable,21,9:00pm-9:59pm,5,5,99,Unknown EMS Scene Arrival Hour,99,Unknown EMS Scene Arrival Minutes,88,Not Applicable (Not Transported),88,Not Applicable (Not Transported),0,,0,,0,,1,0
41,Oregon,410431,1,1,0,0,2,2,0,51,MULTNOMAH (51),1650,PORTLAND,27,27,12,December,2016,3,Tuesday,21,9:00pm-9:59pm,55,55,1,This section IS ON the NHS,1,Interstate,I-405 RAMP,,2,Urban,1,Interstate,1,State Highway Agency,43,43,45.54691389,45.54691389,-122.6694667,-122.66946667,0,No Special Jurisdiction,25,Concrete Traffic Barrier,0,Not a Collision with Motor Vehicle In-Transport,0,No,1,Non-Junction,1,Not an Intersection,0,,3,On Median,3,Dark - Lighted,10,Cloudy,0,No Additional Atmospheric Conditions,10,Cloudy,0,No,0000000,Not Applicable,99,Unknown,99,Unknown,99,Unknown EMS Scene Arrival Hour,99,Unknown EMS Scene Arrival Minutes,99,Unknown,99,Unknown EMS Hospital Arrival Time,0,,0,,0,,1,1
41,Oregon,410432,2,2,0,0,2,2,0,5,CLACKAMAS (5),0,NOT APPLICABLE,26,26,12,December,2016,2,Monday,9,9:00am-9:59am,15,15,0,This section IS NOT on the NHS,4,County Road,CR-S REDLAND RD,CR-S FISCHERS MILL RD,1,Rural,4,Minor Arterial,2,County Highway Agency,70,70,45.34353056,45.34353056,-122.4926917,-122.49269167,0,No Special Jurisdiction,12,Motor Vehicle In-Transport,6,Angle,0,No,2,Intersection,3,T-Intersection,0,,1,On Roadway,1,Daylight,1,Clear,0,No Additional Atmospheric Conditions,1,Clear,0,No,0000000,Not Applicable,99,Unknown,99,Unknown,99,Unknown EMS Scene Arrival Hour,99,Unknown EMS Scene Arrival Minutes,88,Not Applicable (Not Transported),88,Not Applicable (Not Transported),0,,0,,0,,1,0
41,Oregon,410433,1,1,0,1,1,1,1,17,DESCHUTES (17),0,NOT APPLICABLE,27,27,12,December,2016,3,Tuesday,20,8:00pm-8:59pm,50,50,1,This section IS ON the NHS,3,State Highway,SR-126 (ODOT 41),,1,Rural,3,Principal Arterial - Other,1,State Highway Agency,29,29,44.26208889,44.26208889,-121.1422667,-121.14226667,0,No Special Jurisdiction,8,Pedestrian,0,Not a Collision with Motor Vehicle In-Transport,0,No,1,Non-Junction,1,Not an Intersection,0,,1,On Roadway,2,Dark - Not Lighted,1,Clear,0,No Additional Atmospheric Conditions,1,Clear,0,No,0000000,Not Applicable,20,8:00pm-8:59pm,55,55,21,9:00pm-9:59pm,3,3,88,Not Applicable (Not Transported),88,Not Applicable (Not Transported),0,,0,,0,,1,0
41,Oregon,410434,1,1,0,1,1,1,1,51,MULTNOMAH (51),880,GRESHAM,27,27,12,December,2016,3,Tuesday,17,5:00pm-5:59pm,30,30,0,This section IS NOT on the NHS,6,Local Street - Municipality,NE 5TH ST,NE KELLY AVE,2,Urban,5,Major Collector,4,City or Municipal Highway Agency,0,,45.50100833,45.50100833,-122.42585,-122.42585,0,No Special Jurisdiction,8,Pedestrian,0,Not a Collision with Motor Vehicle In-Transport,0,No,3,Intersection-Related,2,Four-Way Intersection,0,,1,On Roadway,3,Dark - Lighted,1,Clear,0,No Additional Atmospheric Conditions,1,Clear,0,No,0000000,Not Applicable,17,5:00pm-5:59pm,34,34,17,5:00pm-5:59pm,39,39,99,Unknown,99,Unknown EMS Hospital Arrival Time,0,,0,,0,,1,0
41,Oregon,410435,1,1,0,0,3,3,0,39,LANE (39),0,NOT APPLICABLE,28,28,12,December,2016,4,Wednesday,19,7:00pm-7:59pm,32,32,1,This section IS ON the NHS,3,State Highway,SR-58 (ODOT 18),,1,Rural,3,Principal Arterial - Other,1,State Highway Agency,79,79,43.94008056,43.94008056,-122.8602889,-122.86028889,0,No Special Jurisdiction,42,Tree (Standing Only),0,Not a Collision with Motor Vehicle In-Transport,0,No,1,Non-Junction,1,Not an Intersection,0,,4,On Roadside,2,Dark - Not Lighted,1,Clear,0,No Additional Atmospheric Conditions,1,Clear,0,No,0000000,Not Applicable,19,7:00pm-7:59pm,32,32,19,7:00pm-7:59pm,40,40,99,Unknown,99,Unknown EMS Hospital Arrival Time,0,,0,,0,,1,1
41,Oregon,410436,2,2,0,0,3,3,0,35,KLAMATH (35),0,NOT APPLICABLE,31,31,7,July,2016,1,Sunday,10,10:00am-10:59am,22,22,1,This section IS ON the NHS,2,U.S. Highway,US-97 (ODOT 4),,1,Rural,3,Principal Arterial - Other,1,State Highway Agency,2133,2133,43.07751389,43.07751389,-121.8250972,-121.82509722,0,No Special Jurisdiction,12,Motor Vehicle In-Transport,2,Front-to-Front,0,No,1,Non-Junction,1,Not an Intersection,0,,1,On Roadway,1,Daylight,1,Clear,0,No Additional Atmospheric Conditions,1,Clear,0,No,0000000,Not Applicable,10,10:00am-10:59am,23,23,10,10:00am-10:59am,33,33,99,Unknown,99,Unknown EMS Hospital Arrival Time,0,,0,,0,,1,0
41,Oregon,410437,1,1,0,0,3,3,0,25,HARNEY (25),0,NOT APPLICABLE,17,17,11,November,2016,5,Thursday,19,7:00pm-7:59pm,0,0,0,This section IS NOT on the NHS,3,State Highway,SR-78 (ODOT 442),,1,Rural,4,Minor Arterial,1,State Highway Agency,180,180,43.441575,43.441575,-118.7903889,-118.79038889,0,No Special Jurisdiction,1,Rollover/Overturn,0,Not a Collision with Motor Vehicle In-Transport,0,No,1,Non-Junction,1,Not an Intersection,0,,1,On Roadway,2,Dark - Not Lighted,1,Clear,0,No Additional Atmospheric Conditions,1,Clear,0,No,0000000,Not Applicable,19,7:00pm-7:59pm,2,2,19,7:00pm-7:59pm,21,21,99,Unknown,99,Unknown EMS Hospital Arrival Time,0,,0,,0,,1,0
41,Oregon,410438,1,1,0,0,2,2,0,27,HOOD RIVER (27),0,NOT APPLICABLE,8,8,12,December,2016,5,Thursday,14,2:00pm-2:59pm,5,5,1,This section IS ON the NHS,1,Interstate,I-84,,1,Rural,1,Interstate,1,State Highway Agency,425,425,45.66588333,45.66588333,-121.8905056,-121.89050556,0,No Special Jurisdiction,25,Concrete Traffic Barrier,0,Not a Collision with Motor Vehicle In-Transport,0,No,1,Non-Junction,1,Not an Intersection,0,,4,On Roadside,1,Daylight,4,Snow,0,No Additional Atmospheric Conditions,4,Snow,0,No,0000000,Not Applicable,14,2:00pm-2:59pm,7,7,14,2:00pm-2:59pm,30,30,88,Not Applicable (Not Transported),88,Not Applicable (Not Transported),0,,0,,0,,1,0
41,Oregon,410439,2,2,0,0,4,4,0,17,DESCHUTES (17),1720,REDMOND,29,29,12,December,2016,5,Thursday,12,12:00pm-12:59pm,5,5,1,This section IS ON the NHS,3,State Highway,SR-126 (ODOT 15),SW 35TH ST,2,Urban,3,Principal Arterial - Other,1,State Highway Agency,1102,1102,44.26921389,44.26921389,-121.20935,-121.20935,0,No Special Jurisdiction,12,Motor Vehicle In-Transport,6,Angle,0,No,2,Intersection,2,Four-Way Intersection,0,,1,On Roadway,1,Daylight,1,Clear,0,No Additional Atmospheric Conditions,1,Clear,0,No,0000000,Not Applicable,12,12:00pm-12:59pm,8,8,12,12:00pm-12:59pm,16,16,99,Unknown,99,Unknown EMS Hospital Arrival Time,0,,0,,0,,1,0
41,Oregon,410440,1,1,0,1,1,1,1,51,MULTNOMAH (51),880,GRESHAM,31,31,12,December,2016,7,Saturday,17,5:00pm-5:59pm,27,27,1,This section IS ON the NHS,6,Local Street - Municipality,SE 190TH AVE,SE DIVISION ST,2,Urban,4,Minor Arterial,4,City or Municipal Highway Agency,0,,45.50450556,45.50450556,-122.4678667,-122.46786667,0,No Special Jurisdiction,8,Pedestrian,0,Not a Collision with Motor Vehicle In-Transport,0,No,3,Intersection-Related,2,Four-Way Intersection,0,,1,On Roadway,3,Dark - Lighted,10,Cloudy,2,Rain,2,Rain,0,No,0000000,Not Applicable,99,Unknown,99,Unknown,99,Unknown EMS Scene Arrival Hour,99,Unknown EMS Scene Arrival Minutes,88,Not Applicable (Not Transported),88,Not Applicable (Not Transported),0,,0,,0,,1,0
41,Oregon,410441,1,1,0,1,1,1,1,41,LINCOLN (41),2269,YACHATS,20,20,12,December,2016,3,Tuesday,19,7:00pm-7:59pm,40,40,1,This section IS ON the NHS,2,U.S. Highway,US-101 (ODOT 9),,1,Rural,3,Principal Arterial - Other,1,State Highway Agency,1639,1639,44.31756667,44.31756667,-124.1038944,-124.10389444,0,No Special Jurisdiction,8,Pedestrian,0,Not a Collision with Motor Vehicle In-Transport,0,No,1,Non-Junction,1,Not an Intersection,0,,1,On Roadway,2,Dark - Not Lighted,1,Clear,0,No Additional Atmospheric Conditions,1,Clear,0,No,0000000,Not Applicable,19,7:00pm-7:59pm,41,41,19,7:00pm-7:59pm,45,45,88,Not Applicable (Not Transported),88,Not Applicable (Not Transported),0,,0,,0,,1,1
41,Oregon,410442,1,1,0,1,1,1,1,33,JOSEPHINE (33),0,NOT APPLICABLE,1,1,9,September,2016,5,Thursday,12,12:00pm-12:59pm,45,45,1,This section IS ON the NHS,2,U.S. Highway,US-199 (ODOT 25),,1,Rural,3,Principal Arterial - Other,1,State Highway Agency,202,202,42.28056667,42.28056667,-123.6155611,-123.61556111,0,No Special Jurisdiction,9,Pedalcyclist,0,Not a Collision with Motor Vehicle In-Transport,0,No,1,Non-Junction,1,Not an Intersection,0,,1,On Roadway,1,Daylight,98,Not Reported,0,No Additional Atmospheric Conditions,98,Not Reported,0,No,0000000,Not Applicable,12,12:00pm-12:59pm,45,45,12,12:00pm-12:59pm,55,55,88,Not Applicable (Not Transported),88,Not Applicable (Not Transported),0,,0,,0,,1,0
41,Oregon,410443,2,2,0,0,2,2,0,5,CLACKAMAS (5),0,NOT APPLICABLE,23,23,9,September,2016,6,Friday,10,10:00am-10:59am,17,17,0,This section IS NOT on the NHS,3,State Highway,SR-211 (ODOT 161),CR-KROPF RD,1,Rural,4,Minor Arterial,1,State Highway Agency,75,75,45.15099167,45.15099167,-122.6814,-122.6814,0,No Special Jurisdiction,12,Motor Vehicle In-Transport,6,Angle,0,No,2,Intersection,2,Four-Way Intersection,0,,1,On Roadway,1,Daylight,98,Not Reported,0,No Additional Atmospheric Conditions,98,Not Reported,0,No,0000000,Not Applicable,10,10:00am-10:59am,13,13,10,10:00am-10:59am,21,21,88,Not Applicable (Not Transported),88,Not Applicable (Not Transported),0,,0,,0,,1,0
41,Oregon,410444,1,1,0,1,1,1,1,47,MARION (47),0,NOT APPLICABLE,8,8,11,November,2016,3,Tuesday,4,4:00am-4:59am,0,0,1,This section IS ON the NHS,1,Interstate,I-5,,2,Urban,1,Interstate,1,State Highway Agency,2690,2690,45.12428611,45.12428611,-122.9076806,-122.90768056,0,No Special Jurisdiction,8,Pedestrian,0,Not a Collision with Motor Vehicle In-Transport,0,No,1,Non-Junction,1,Not an Intersection,0,,1,On Roadway,2,Dark - Not Lighted,98,Not Reported,0,No Additional Atmospheric Conditions,98,Not Reported,0,No,0000000,Not Applicable,10,10:00am-10:59am,32,32,99,Unknown EMS Scene Arrival Hour,99,Unknown EMS Scene Arrival Minutes,88,Not Applicable (Not Transported),88,Not Applicable (Not Transported),0,,0,,0,,1,0
41,Oregon,410445,2,2,0,0,2,2,0,11,COOS (11),0,NOT APPLICABLE,18,18,11,November,2016,6,Friday,18,6:00pm-6:59pm,36,36,1,This section IS ON the NHS,3,State Highway,SR-42 (ODOT 35),,1,Rural,3,Principal Arterial - Other,1,State Highway Agency,286,286,43.03453611,43.03453611,-124.0278139,-124.02781389,0,No Special Jurisdiction,12,Motor Vehicle In-Transport,2,Front-to-Front,0,No,1,Non-Junction,1,Not an Intersection,0,,1,On Roadway,2,Dark - Not Lighted,2,Rain,0,No Additional Atmospheric Conditions,2,Rain,0,No,0000000,Not Applicable,18,6:00pm-6:59pm,36,36,18,6:00pm-6:59pm,36,36,99,Unknown,99,Unknown EMS Hospital Arrival Time,0,,0,,0,,1,0
41,Oregon,410446,3,3,0,1,3,3,1,17,DESCHUTES (17),190,BEND,21,21,12,December,2016,4,Wednesday,18,6:00pm-6:59pm,35,35,1,This section IS ON the NHS,2,U.S. Highway,US-97 (ODOT 17),,2,Urban,3,Principal Arterial - Other,1,State Highway Agency,198,198,44.08256111,44.08256111,-121.3012972,-121.30129722,0,No Special Jurisdiction,8,Pedestrian,0,Not a Collision with Motor Vehicle In-Transport,0,No,1,Non-Junction,1,Not an Intersection,0,,1,On Roadway,3,Dark - Lighted,98,Not Reported,0,No Additional Atmospheric Conditions,98,Not Reported,0,No,0000000,Not Applicable,18,6:00pm-6:59pm,36,36,18,6:00pm-6:59pm,43,43,88,Not Applicable (Not Transported),88,Not Applicable (Not Transported),0,,0,,0,,1,0
41,Oregon,410447,3,3,0,0,7,7,0,65,WASCO (65),0,NOT APPLICABLE,26,26,12,December,2016,2,Monday,16,4:00pm-4:59pm,5,5,1,This section IS ON the NHS,2,U.S. Highway,US-97 (ODOT 53),,1,Rural,3,Principal Arterial - Other,1,State Highway Agency,860,860,45.57888611,45.57888611,-120.7035556,-120.70355556,0,No Special Jurisdiction,12,Motor Vehicle In-Transport,1,Front-to-Rear,0,No,1,Non-Junction,1,Not an Intersection,0,,1,On Roadway,1,Daylight,98,Not Reported,0,No Additional Atmospheric Conditions,98,Not Reported,0,No,0000000,Not Applicable,16,4:00pm-4:59pm,6,6,99,Unknown EMS Scene Arrival Hour,99,Unknown EMS Scene Arrival Minutes,99,Unknown,99,Unknown EMS Hospital Arrival Time,0,,0,,0,,3,0
41,Oregon,410448,1,1,0,0,1,1,0,59,UMATILLA (59),0,NOT APPLICABLE,31,31,7,July,2016,1,Sunday,12,12:00pm-12:59pm,40,40,0,This section IS NOT on the NHS,2,U.S. Highway,US-730 ODOT 2,,1,Rural,4,Minor Arterial,1,State Highway Agency,1955,1955,45.95623611,45.95623611,-119.0429639,-119.04296389,0,No Special Jurisdiction,24,Guardrail Face,0,Not a Collision with Motor Vehicle In-Transport,0,No,1,Non-Junction,1,Not an Intersection,0,,4,On Roadside,1,Daylight,1,Clear,0,No Additional Atmospheric Conditions,1,Clear,0,No,0000000,Not Applicable,12,12:00pm-12:59pm,40,40,12,12:00pm-12:59pm,55,55,99,Unknown,99,Unknown EMS Hospital Arrival Time,0,,0,,0,,1,0
41,Oregon,410449,1,1,0,0,1,1,0,39,LANE (39),430,COTTAGE GROVE,20,20,12,December,2016,3,Tuesday,15,3:00pm-3:59pm,22,22,0,This section IS NOT on the NHS,6,Local Street - Municipality,BRYANT AVE,,2,Urban,7,Local,4,City or Municipal Highway Agency,0,,43.79538611,43.79538611,-123.0699583,-123.06995833,0,No Special Jurisdiction,38,Fence,0,Not a Collision with Motor Vehicle In-Transport,0,No,1,Non-Junction,1,Not an Intersection,0,,5,Outside Trafficway,1,Daylight,1,Clear,0,No Additional Atmospheric Conditions,1,Clear,0,No,0000000,Not Applicable,15,3:00pm-3:59pm,25,25,15,3:00pm-3:59pm,35,35,99,Unknown,99,Unknown EMS Hospital Arrival Time,0,,0,,0,,1,0